Топшириқлар рўйхати,,,,,,, 28/72,5/20,,,,,
,,,,Маъсул бўлим,Жами,Жараёнда,Муддати бузилган,,,,,,
,,25.03 / 12:38,,Методология,,0,1,,,,,,
,,25.03 / 12:38,,ИНСОН,,0,0,,,,,,
,,25.03 / 12:38,,Инфратузилма,,0,0,,,,,,
,,25.03 / 12:38,,Бошқа,,0,0,,,,,,
,,,,,,,,,,,,,
,,,,,,,,,,,,,
ПОИСК,,,,,,,,,,,,,
Т/Р,✓,Дата,Муҳимлик даражаси,Топшириқ номи,Маъсул бўлим,Топшириқ муддати,Топшириқ ҳолати,Тегишли эканлиги бўйича,Муддатидан кечиккан ,Муддатидан кечиккан *,"Муддати
бор",Муддатида,
1,TRUE,26.03 / 14:51,Ўртача,"Грузиялик мутахассиси билан гаплашиш 
(Мэри, комиссия)",Методология,01.04,2 кун,Директор,0,1,0,0,
2,TRUE,26.03 / 20:30,Юқори,КПИ бўйруғи,ИНСОН,26.03,Муддати бугун,Бошқа*,0,0,0,1,
3,TRUE,26.03 / 14:51,Юқори,Қорақалпоғистон Республикаси Тахиатош тумани записка,Бошқа,03.04,,Бошқа*,0,0,0,1,
4,TRUE,26.03 / 14:51,Ўртача,Шайхонтоҳур тумани қурилиш,Инфратузилма,01.04,1 кун,Директор,0,1,0,0,
5,TRUE,26.03 / 14:51,Ўртача,Шайхонтоҳур тумани Инсон маркази директори билан гаплашиш,ИНСОН,26.03,1 кун,Директор,0,1,0,0,
6,FALSE,26.03 / 14:51,Ўртача,Турғун Ҳайитов билан бот бўйича гаплашиш,Методология,,,Бошқа*,0,0,1,0,
7,TRUE,26.03 / 14:51,Паст,Фаровон оила дастури ижроси,Методология,28.03,4 кун,Бошқа*,0,1,0,0,
8,FALSE,26.03 / 14:51,Ўртача,"Программистлар билан гаплашиш (Қобил, Муҳаммадбобур)",Методология,,,Бошқа*,0,0,1,0,
9,FALSE,26.03 / 14:51,Юқори,"""Саҳоват ва кўмак"" қарорини кўриш",Методология,,,Бошқа*,0,0,1,0,
10,TRUE,01.04 / 16:04,Ўртача,"Қибрай тумани ""Имкон"" маркази бўйича Директорга кириш ",Инфратузилма,20.03,12 кун,Администрация,0,1,0,0,
11,TRUE,26.03 / 14:51,Ўртача,Азамат билан гаплашиш ўқитиш масаласида,Бошқа,21.03,12 кун,Бошқа*,0,1,0,0,
12,TRUE,26.03 / 14:51,Ўртача,Супервайзерлар ўрганишини сўраш,Методология,27.03,5 кун,Директор,0,1,0,0,
13,TRUE,26.03 / 14:51,Ўртача,Энг фаол ижтимоий ходимни сўраш,Методология,27.03,6 кун,Бошқа*,0,1,0,0,
14,FALSE,26.03 / 14:51,Ўртача,Энг фаол ижтимоий ходим қарорига ўзгартириш киритиш,Методология,,,Бошқа*,0,0,1,0,
15,TRUE,26.03 / 14:51,Паст,Азаматни ойлиги масаласи (Шоҳрух) ,Бошқа,28.03,5 кун,Бошқа*,0,1,0,0,
16,FALSE,26.03 / 14:51,Паст,Юристларни хисоботини сўраш,Методология,,,Бошқа*,0,0,1,0,
17,FALSE,26.03 / 14:51,Юқори,Хизматлар паспортини ўрганиш,Методология,,,Бошқа*,0,0,1,0,
18,FALSE,26.03 / 14:51,Юқори,"""Инсон"" марказлари қурилишини гаплашиш 
(2024 йил, 2025 йил режа)",Инфратузилма,,,Бошқа*,0,0,1,0,
19,TRUE,01.04 / 16:14,Паст,Сурхондарё вилояти бошқармаси биноси қурилиши масаласи буйича билдиришнома,Инфратузилма,01.04,1 кун,Бошқа*,0,1,0,0,
20,TRUE,26.03 / 14:51,Ўртача,Шўртепа биносини кўриб келиш,Инфратузилма,18.03,15 кун,Бошқа*,0,1,0,0,
21,FALSE,02.04 / 10:33,Юқори,Шўртепа биносини ремонтни молиялаштириш масаласи,Инфратузилма,,,Директор,0,0,1,0,
22,FALSE,26.03 / 14:51,Юқори,Мулоқот кўникмаларини ўқитиш масаласини Азамат билан гаплашиш,Бошқа,,,Бошқа*,0,0,1,0,
23,FALSE,26.03 / 14:51,Ўртача,Ҳисобот ёмон муомилада бўлганлар бўйича ижтимоий ходимлар,Методология,,,Бошқа*,0,0,1,0,
24,FALSE,26.03 / 14:51,Ўртача,Студентлар билан учрашиш масаласи,Методология,,,Бошқа*,0,0,1,0,
25,FALSE,26.03 / 14:51,Ўртача,Вилоятдаги Азаматнинг мутахассисларини иш фаолиятини ўрганиш ,Бошқа,,,Бошқа*,0,0,1,0,
26,FALSE,26.03 / 14:51,Паст,Психологлар бўйича Бобур Абдуллаев билан гаплашиш,Методология,,,Бошқа*,0,0,1,0,
27,FALSE,26.03 / 14:51,Ўртача,Муассасалардаги Ижтимоий ходимлар масаласи,Методология,,,Бошқа*,0,0,1,0,
28,FALSE,26.03 / 14:51,Ўртача,539 га ўзгартириш киритиш,Методология,,,Бошқа*,0,0,1,0,
29,FALSE,26.03 / 14:51,Ўртача,Руҳий касалликлар бўйича ,Методология,,,Директор,0,0,1,0,
30,FALSE,26.03 / 14:51,Ўртача,Сирдарё вилояти маҳаллага чиқиш,Инфратузилма,,,Администрация,0,0,1,0,
31,FALSE,26.03 / 14:51,Ўртача,Махсус олимпиада бўйича Фарҳод Расулов билан ишлаш,Бошқа,,,Бошқа*,0,0,1,0,
32,TRUE,26.03 / 14:51,Ўртача,Инвесткани маълумотини сўраш,Инфратузилма,29.03,4 кун,Бошқа*,0,1,0,0,
33,FALSE,26.03 / 14:51,Ўртача,"Операторларни муаммоларини сўраш
учрашувдаги",ИНСОН,,,Бошқа*,0,0,1,0,
34,FALSE,26.03 / 14:51,Ўртача,Ботдан келган мурожаатлар операторлар бўйича,ИНСОН,,,Бошқа*,0,0,1,0,
35,FALSE,26.03 / 14:52,Ўртача,ВАКда ижтимоий иш бўйича ишларни олиш,Методология,,,Бошқа*,0,0,1,0,
36,FALSE,26.03 / 14:52,Ўртача,Бўш бинолар бўйича топшириқ ижросини сўраш,Инфратузилма,,,Директор,0,0,1,0,
37,FALSE,26.03 / 14:52,Ўртача,Ҳудудларнинг машинаси масаласи (ҚР илтимоси),Бошқа,,,Бошқа*,0,0,1,0,
38,TRUE,26.03 / 14:52,Ўртача,Хоразм аёллар марказини муаммоси,Инфратузилма,16.03,18 кун,Бошқа*,0,1,0,0,
39,FALSE,26.03 / 14:52,Ўртача,"Шаҳрисабз туман ""Инсон"" маркази биноси масаласи",Инфратузилма,,,Бошқа*,0,0,1,0,
40,TRUE,26.03 / 14:52,Юқори,Бухоро Когон оператор масаласи,ИНСОН,31.03,2 кун,Бошқа*,0,1,0,0,
41,TRUE,26.03 / 14:52,Юқори,Ботга Сурхондарё бўйича мурожаати (МО) ўрганиш,Методология,20.03,13 кун,Директор,0,1,0,0,
42,TRUE,26.03 / 14:52,Юқори,Миразиздан МО топшириғи бўйича хисоботни сўраш,Методология,25.03,2 кун,Директор,0,1,0,0,
43,FALSE,26.03 / 14:52,Ўртача,Инсонларни бошлиқларини ўқитиш масаласини гаплашиш Азамат билан,Бошқа,,,Бошқа*,0,0,1,0,
44,FALSE,28.03 / 09:54,Паст,Кундузги қатнов мобил хизматлар Мурувват уйларида,Методология,,,Директор,0,0,1,0,
45,FALSE,26.03 / 14:52,Паст,УТ қарори ўзгартириш киритиш масаласи Алишер билан гаплашиш (Нодир Кенжаев),Бошқа,,,Бошқа*,0,0,1,0,
46,TRUE,26.03 / 14:52,Юқори,Қашқадарё вилоятининг 2 та тумани билан гаплашиш,Бошқа,24.03,12 кун,Бошқа*,0,1,0,0,
47,FALSE,26.03 / 14:52,Юқори,Мурожаатлар классификациясини таскга боғлаш,ИНСОН,,,Бошқа*,0,0,1,0,
48,TRUE,28.03 / 09:53,Юқори,Нафақа масаласини ижтимоий ходимлар билан гаплашиш (Камбағаллик реестридан ягонага ўтказиш бўйича),Методология,31.03,3 кун,Директор,0,1,0,0,
49,TRUE,27.03 / 22:25,Юқори,Шайхонтохур Инсонга монитор куйиш масаласи,Бошқа,26.03,1 кун,Директор,0,1,0,0,
50,FALSE,28.03 / 09:53,Юқори,Фаластин бўйича чора тадбирларни якунлаш ,Методология,30.03,6 кун,Администрация,1,0,0,0,
51,TRUE,28.03 / 10:09,Ўртача,Олий мажлис Кун тартиби ва ўтказиш жойи йиғилиш масаласи,Бошқа,28.03,5 кун,Бошқа*,0,1,0,0,
52,TRUE,28.03 / 11:00,Ўртача,"ЮНИСЕФ эксперти билан учрашув соат 14:00 да 
Чилонзор тумани Инспекция биносида",Бошқа,28.03,4 кун,Бошқа*,0,1,0,0,
53,FALSE,01.04 / 15:53,Юқори,Фаргона бошлигининг зами масаласи,Бошқа,,,Бошқа*,0,0,1,0,01.04.2025
54,FALSE,02.04 / 20:29,Юқори,"""Инсон"" модулига IRPни улаш",ИНСОН,,,Директор,0,0,1,0,02.04 / 20:29
55,FALSE,03.04 / 10:49,Ўртача,Сирдарё вилояти Ижтимоий шартнома буйича бориш (Ховос),Бошқа,,,Администрация,0,0,1,0,03.04 / 10:49
56,FALSE,01.04 / 16:06,Ўртача,Супервайзрлар буйича директорга ахборот тайёрлаш,Методология,06.04,,Директор,0,0,1,0,01.04 / 16:06
57,FALSE,01.04 / 16:08,Юқори,"""Саховат ва кумак"" хисоботини директорга тайёрлаш",Методология,,,Директор,0,0,1,0,01.04 / 16:08
58,FALSE,01.04 / 16:09,Юқори,Энг фаол ижтимоий ходим буйругини тайёрлаш,Методология,,,Бошқа*,0,0,1,0,01.04 / 16:09
59,TRUE,01.04 / 16:12,Юқори,"Пайарик туман (хоким, инсон бошлиги) буйича маълумот директорга айтиш",Бошқа,01.04,1 кун,Директор,0,1,0,0,01.04 / 16:12
60,FALSE,02.04 / 10:50,Паст,Хаитов билан Фаластин реаблитациясини гаплашиш,Бошқа,05.04,Муддати бугун,Администрация,0,0,1,0,02.04 / 10:50
61,FALSE,02.04 / 10:53,Ўртача,Шайхонтохур инсонни бошлиги билан гаплашиш,ИНСОН,03.04,2 кун,Бошқа*,1,0,0,0,02.04 / 10:53
62,FALSE,02.04 / 10:54,Паст,Инвесткадаги мактаблар курилиши буйича гаплашиш,Инфратузилма,03.04,2 кун,Бошқа*,1,0,0,0,02.04 / 10:54
63,FALSE,03.04 / 16:01,Ўртача,Азаматни ойлиги масаласи. Хаитов билан ишлаш (докладнойни олиб киритиш),Бошқа,04.04,1 кун,Бошқа*,1,0,0,0,03.04 / 16:01
64,FALSE,02.04 / 20:27,Юқори,"Ариза айтиси, Face ID Азамат программасини Зулфиддин билан гаплашиш",Бошқа,04.04,1 кун,Бошқа*,1,0,0,0,02.04 / 20:27
65,FALSE,02.04 / 12:02,Ўртача,"Краудфондинг буйича холатни урганиш, Бахтиер ака Хайдаровга жунатиш",Методология,05.04,Муддати бугун,Бошқа*,0,0,1,0,02.04 / 12:02
66,TRUE,02.04 / 17:51,Юқори,Камбагал оилалар ва ягона ижтимоий химоя реестри фаркини тайёрлаш (Бюджет Шерзод),Бошқа,02.04,1 кун,Бошқа*,0,1,0,0,02.04 / 17:51
67,TRUE,03.04 / 09:45,Юқори,Вилоят бошликларига КПИ-АЙни тушунтириш,ИНСОН,04.04,Муддати бугун,Бошқа*,0,0,0,1,03.04 / 09:45
68,FALSE,03.04 / 14:29,Ўртача,Асосий бинога электр энергияси тортиш буйича гаплашиш,Инфратузилма,04.04,1 кун,Бошқа*,1,0,0,0,03.04 / 14:29
69,TRUE,03.04 / 15:59,Ўртача,Энг фаол ижтимоий ходим тахлиллар билан куриш,Методология,,,Бошқа*,0,0,0,1,03.04 / 15:59
70,TRUE,03.04 / 17:29,Юқори,Дониш билан Хоразм буйича гаплашиш,Инфратузилма,04.04,,Администрация,0,0,0,1,03.04 / 17:29
71,FALSE,04.04 / 15:00,Ўртача,Малака талабларини ишлаб чиқиш масласини охирига етказиш,Методология,05.04,Муддати бугун,Бошқа*,0,0,1,0,04.04 / 15:00
73,FALSE,05.04 / 11:53,Юқори,Саховат ва кумак жамгармаси тахлили билан ишлаш (Мухаммадбобур),Методология,09.04,,Бошқа*,0,0,1,0,05.04.2025
74,FALSE,,,,,,,,0,0,0,0,
75,FALSE,,,,,,,,0,0,0,0,
76,FALSE,,,,,,,,0,0,0,0,
77,FALSE,,,,,,,,0,0,0,0,
78,FALSE,,,,,,,,0,0,0,0,
79,FALSE,,,,,,,,0,0,0,0,
80,FALSE,,,,,,,,0,0,0,0,
81,FALSE,,,,,,,,0,0,0,0,
82,FALSE,,,,,,,,0,0,0,0,
83,FALSE,,,,,,,,0,0,0,0,
84,FALSE,,,,,,,,0,0,0,0,
85,FALSE,,,,,,,,0,0,0,0,
86,FALSE,,,,,,,,0,0,0,0,
87,FALSE,,,,,,,,0,0,0,0,
88,FALSE,,,,,,,,0,0,0,0,
89,FALSE,,,,,,,,0,0,0,0,
90,FALSE,,,,,,,,0,0,0,0,
91,FALSE,,,,,,,,0,0,0,0,
92,FALSE,,,,,,,,0,0,0,0,
93,FALSE,,,,,,,,0,0,0,0,
94,FALSE,,,,,,,,0,0,0,0,
95,FALSE,,,,,,,,0,0,0,0,
96,FALSE,,,,,,,,0,0,0,0,
97,FALSE,,,,,,,,0,0,0,0,
98,FALSE,,,,,,,,0,0,0,0,
99,FALSE,,,,,,,,0,0,0,0,
100,FALSE,,,,,,,,0,0,0,0,
101,FALSE,,,,,,,,0,0,0,0,
102,FALSE,,,,,,,,0,0,0,0,
103,FALSE,,,,,,,,0,0,0,0,
104,FALSE,,,,,,,,0,0,0,0,
105,FALSE,,,,,,,,0,0,0,0,
106,FALSE,,,,,,,,0,0,0,0,
107,FALSE,,,,,,,,0,0,0,0,
108,FALSE,,,,,,,,0,0,0,0,
109,FALSE,,,,,,,,0,0,0,0,
110,FALSE,,,,,,,,0,0,0,0,
111,FALSE,,,,,,,,0,0,0,0,
112,FALSE,,,,,,,,0,0,0,0,
113,FALSE,,,,,,,,0,0,0,0,
114,FALSE,,,,,,,,0,0,0,0,
115,FALSE,,,,,,,,0,0,0,0,
116,FALSE,,,,,,,,0,0,0,0,
117,FALSE,,,,,,,,0,0,0,0,
118,FALSE,,,,,,,,0,0,0,0,
119,FALSE,,,,,,,,0,0,0,0,
120,FALSE,,,,,,,,0,0,0,0,
121,FALSE,,,,,,,,0,0,0,0,
122,FALSE,,,,,,,,0,0,0,0,
123,FALSE,,,,,,,,0,0,0,0,
124,FALSE,,,,,,,,0,0,0,0,
125,FALSE,,,,,,,,0,0,0,0,
126,FALSE,,,,,,,,0,0,0,0,
127,FALSE,,,,,,,,0,0,0,0,
128,FALSE,,,,,,,,0,0,0,0,
129,FALSE,,,,,,,,0,0,0,0,
130,FALSE,,,,,,,,0,0,0,0,
131,FALSE,,,,,,,,0,0,0,0,
132,FALSE,,,,,,,,0,0,0,0,
133,FALSE,,,,,,,,0,0,0,0,
134,FALSE,,,,,,,,0,0,0,0,
135,FALSE,,,,,,,,0,0,0,0,
136,FALSE,,,,,,,,0,0,0,0,
137,FALSE,,,,,,,,0,0,0,0,
138,FALSE,,,,,,,,0,0,0,0,
139,FALSE,,,,,,,,0,0,0,0,
140,FALSE,,,,,,,,0,0,0,0,
141,FALSE,,,,,,,,0,0,0,0,
142,FALSE,,,,,,,,0,0,0,0,
143,FALSE,,,,,,,,0,0,0,0,
144,FALSE,,,,,,,,0,0,0,0,
145,FALSE,,,,,,,,0,0,0,0,
146,FALSE,,,,,,,,0,0,0,0,
147,FALSE,,,,,,,,0,0,0,0,
148,FALSE,,,,,,,,0,0,0,0,
149,FALSE,,,,,,,,0,0,0,0,
150,FALSE,,,,,,,,0,0,0,0,
151,FALSE,,,,,,,,0,0,0,0,
152,FALSE,,,,,,,,0,0,0,0,
153,FALSE,,,,,,,,0,0,0,0,
154,FALSE,,,,,,,,0,0,0,0,
155,FALSE,,,,,,,,0,0,0,0,
156,FALSE,,,,,,,,0,0,0,0,
157,FALSE,,,,,,,,0,0,0,0,
158,FALSE,,,,,,,,0,0,0,0,
159,FALSE,,,,,,,,0,0,0,0,
160,FALSE,,,,,,,,0,0,0,0,
161,FALSE,,,,,,,,0,0,0,0,
162,FALSE,,,,,,,,0,0,0,0,
163,FALSE,,,,,,,,0,0,0,0,
164,FALSE,,,,,,,,0,0,0,0,
165,FALSE,,,,,,,,0,0,0,0,
166,FALSE,,,,,,,,0,0,0,0,
167,FALSE,,,,,,,,0,0,0,0,
168,FALSE,,,,,,,,0,0,0,0,
169,FALSE,,,,,,,,0,0,0,0,
170,FALSE,,,,,,,,0,0,0,0,
171,FALSE,,,,,,,,0,0,0,0,
172,FALSE,,,,,,,,0,0,0,0,
173,FALSE,,,,,,,,0,0,0,0,
174,FALSE,,,,,,,,0,0,0,0,
175,FALSE,,,,,,,,0,0,0,0,
176,FALSE,,,,,,,,0,0,0,0,
177,FALSE,,,,,,,,0,0,0,0,
178,FALSE,,,,,,,,0,0,0,0,
179,FALSE,,,,,,,,0,0,0,0,
180,FALSE,,,,,,,,0,0,0,0,
181,FALSE,,,,,,,,0,0,0,0,
182,FALSE,,,,,,,,0,0,0,0,
183,FALSE,,,,,,,,0,0,0,0,
184,FALSE,,,,,,,,0,0,0,0,
185,FALSE,,,,,,,,0,0,0,0,
186,FALSE,,,,,,,,0,0,0,0,
187,FALSE,,,,,,,,0,0,0,0,
188,FALSE,,,,,,,,0,0,0,0,
189,FALSE,,,,,,,,0,0,0,0,
190,FALSE,,,,,,,,0,0,0,0,
191,FALSE,,,,,,,,0,0,0,0,
192,FALSE,,,,,,,,0,0,0,0,
193,FALSE,,,,,,,,0,0,0,0,
194,FALSE,,,,,,,,0,0,0,0,
195,FALSE,,,,,,,,0,0,0,0,
196,FALSE,,,,,,,,0,0,0,0,
197,FALSE,,,,,,,,0,0,0,0,
198,FALSE,,,,,,,,0,0,0,0,
199,FALSE,,,,,,,,0,0,0,0,
200,FALSE,,,,,,,,0,0,0,0,
201,FALSE,,,,,,,,0,0,0,0,
202,FALSE,,,,,,,,0,0,0,0,
203,FALSE,,,,,,,,0,0,0,0,
204,FALSE,,,,,,,,0,0,0,0,
205,FALSE,,,,,,,,0,0,0,0,
206,FALSE,,,,,,,,0,0,0,0,
207,FALSE,,,,,,,,0,0,0,0,
208,FALSE,,,,,,,,0,0,0,0,
209,FALSE,,,,,,,,0,0,0,0,
210,FALSE,,,,,,,,0,0,0,0,
211,FALSE,,,,,,,,0,0,0,0,
212,FALSE,,,,,,,,0,0,0,0,
213,FALSE,,,,,,,,0,0,0,0,
214,FALSE,,,,,,,,0,0,0,0,
215,FALSE,,,,,,,,0,0,0,0,
216,FALSE,,,,,,,,0,0,0,0,
217,FALSE,,,,,,,,0,0,0,0,
218,FALSE,,,,,,,,0,0,0,0,
219,FALSE,,,,,,,,0,0,0,0,
220,FALSE,,,,,,,,0,0,0,0,
221,FALSE,,,,,,,,0,0,0,0,
222,FALSE,,,,,,,,0,0,0,0,
223,FALSE,,,,,,,,0,0,0,0,
224,FALSE,,,,,,,,0,0,0,0,
225,FALSE,,,,,,,,0,0,0,0,
226,FALSE,,,,,,,,0,0,0,0,
227,FALSE,,,,,,,,0,0,0,0,
228,FALSE,,,,,,,,0,0,0,0,
229,FALSE,,,,,,,,0,0,0,0,
230,FALSE,,,,,,,,0,0,0,0,
231,FALSE,,,,,,,,0,0,0,0,
232,FALSE,,,,,,,,0,0,0,0,
233,FALSE,,,,,,,,0,0,0,0,
234,FALSE,,,,,,,,0,0,0,0,
235,FALSE,,,,,,,,0,0,0,0,
236,FALSE,,,,,,,,0,0,0,0,
237,FALSE,,,,,,,,0,0,0,0,
238,FALSE,,,,,,,,0,0,0,0,
239,FALSE,,,,,,,,0,0,0,0,
240,FALSE,,,,,,,,0,0,0,0,
241,FALSE,,,,,,,,0,0,0,0,
242,FALSE,,,,,,,,0,0,0,0,
243,FALSE,,,,,,,,0,0,0,0,
244,FALSE,,,,,,,,0,0,0,0,
245,FALSE,,,,,,,,0,0,0,0,
246,FALSE,,,,,,,,0,0,0,0,
247,FALSE,,,,,,,,0,0,0,0,
248,FALSE,,,,,,,,0,0,0,0,
249,FALSE,,,,,,,,0,0,0,0,
250,FALSE,,,,,,,,0,0,0,0,
251,FALSE,,,,,,,,0,0,0,0,
252,FALSE,,,,,,,,0,0,0,0,
253,FALSE,,,,,,,,0,0,0,0,
254,FALSE,,,,,,,,0,0,0,0,
255,FALSE,,,,,,,,0,0,0,0,
256,FALSE,,,,,,,,0,0,0,0,
257,FALSE,,,,,,,,0,0,0,0,
258,FALSE,,,,,,,,0,0,0,0,
259,FALSE,,,,,,,,0,0,0,0,
260,FALSE,,,,,,,,0,0,0,0,
261,FALSE,,,,,,,,0,0,0,0,
262,FALSE,,,,,,,,0,0,0,0,
263,FALSE,,,,,,,,0,0,0,0,
264,FALSE,,,,,,,,0,0,0,0,
265,FALSE,,,,,,,,0,0,0,0,
266,FALSE,,,,,,,,0,0,0,0,
267,FALSE,,,,,,,,0,0,0,0,
268,FALSE,,,,,,,,0,0,0,0,
269,FALSE,,,,,,,,0,0,0,0,
270,FALSE,,,,,,,,0,0,0,0,
271,FALSE,,,,,,,,0,0,0,0,
272,FALSE,,,,,,,,0,0,0,0,
273,FALSE,,,,,,,,0,0,0,0,
274,FALSE,,,,,,,,0,0,0,0,
275,FALSE,,,,,,,,0,0,0,0,
276,FALSE,,,,,,,,0,0,0,0,
277,FALSE,,,,,,,,0,0,0,0,
278,FALSE,,,,,,,,0,0,0,0,
279,FALSE,,,,,,,,0,0,0,0,
280,FALSE,,,,,,,,0,0,0,0,
281,FALSE,,,,,,,,0,0,0,0,
282,FALSE,,,,,,,,0,0,0,0,
283,FALSE,,,,,,,,0,0,0,0,
284,FALSE,,,,,,,,0,0,0,0,
285,FALSE,,,,,,,,0,0,0,0,
286,FALSE,,,,,,,,0,0,0,0,
287,FALSE,,,,,,,,0,0,0,0,
288,FALSE,,,,,,,,0,0,0,0,
289,FALSE,,,,,,,,0,0,0,0,
290,FALSE,,,,,,,,0,0,0,0,
291,FALSE,,,,,,,,0,0,0,0,
292,FALSE,,,,,,,,0,0,0,0,
293,FALSE,,,,,,,,0,0,0,0,
294,FALSE,,,,,,,,0,0,0,0,
295,FALSE,,,,,,,,0,0,0,0,
296,FALSE,,,,,,,,0,0,0,0,
297,FALSE,,,,,,,,0,0,0,0,
298,FALSE,,,,,,,,0,0,0,0,
299,FALSE,,,,,,,,0,0,0,0,
300,FALSE,,,,,,,,0,0,0,0,
301,FALSE,,,,,,,,0,0,0,0,
302,FALSE,,,,,,,,0,0,0,0,
303,FALSE,,,,,,,,0,0,0,0,
304,FALSE,,,,,,,,0,0,0,0,
305,FALSE,,,,,,,,0,0,0,0,
306,FALSE,,,,,,,,0,0,0,0,
307,FALSE,,,,,,,,0,0,0,0,
308,FALSE,,,,,,,,0,0,0,0,
309,FALSE,,,,,,,,0,0,0,0,
310,FALSE,,,,,,,,0,0,0,0,
311,FALSE,,,,,,,,0,0,0,0,
312,FALSE,,,,,,,,0,0,0,0,
313,FALSE,,,,,,,,0,0,0,0,
314,FALSE,,,,,,,,0,0,0,0,
315,FALSE,,,,,,,,0,0,0,0,
316,FALSE,,,,,,,,0,0,0,0,
317,FALSE,,,,,,,,0,0,0,0,
318,FALSE,,,,,,,,0,0,0,0,
319,FALSE,,,,,,,,0,0,0,0,
320,FALSE,,,,,,,,0,0,0,0,
321,FALSE,,,,,,,,0,0,0,0,
322,FALSE,,,,,,,,0,0,0,0,
323,FALSE,,,,,,,,0,0,0,0,
324,FALSE,,,,,,,,0,0,0,0,
325,FALSE,,,,,,,,0,0,0,0,
326,FALSE,,,,,,,,0,0,0,0,
327,FALSE,,,,,,,,0,0,0,0,
328,FALSE,,,,,,,,0,0,0,0,
329,FALSE,,,,,,,,0,0,0,0,
330,FALSE,,,,,,,,0,0,0,0,
331,FALSE,,,,,,,,0,0,0,0,
332,FALSE,,,,,,,,0,0,0,0,
333,FALSE,,,,,,,,0,0,0,0,
334,FALSE,,,,,,,,0,0,0,0,
335,FALSE,,,,,,,,0,0,0,0,
336,FALSE,,,,,,,,0,0,0,0,
337,FALSE,,,,,,,,0,0,0,0,
338,FALSE,,,,,,,,0,0,0,0,
339,FALSE,,,,,,,,0,0,0,0,
340,FALSE,,,,,,,,0,0,0,0,
341,FALSE,,,,,,,,0,0,0,0,
342,FALSE,,,,,,,,0,0,0,0,
343,FALSE,,,,,,,,0,0,0,0,
344,FALSE,,,,,,,,0,0,0,0,
345,FALSE,,,,,,,,0,0,0,0,
346,FALSE,,,,,,,,0,0,0,0,
347,FALSE,,,,,,,,0,0,0,0,
348,FALSE,,,,,,,,0,0,0,0,
349,FALSE,,,,,,,,0,0,0,0,
350,FALSE,,,,,,,,0,0,0,0,
351,FALSE,,,,,,,,0,0,0,0,
352,FALSE,,,,,,,,0,0,0,0,
353,FALSE,,,,,,,,0,0,0,0,
354,FALSE,,,,,,,,0,0,0,0,
355,FALSE,,,,,,,,0,0,0,0,
356,FALSE,,,,,,,,0,0,0,0,
357,FALSE,,,,,,,,0,0,0,0,
358,FALSE,,,,,,,,0,0,0,0,
359,FALSE,,,,,,,,0,0,0,0,
360,FALSE,,,,,,,,0,0,0,0,
361,FALSE,,,,,,,,0,0,0,0,
362,FALSE,,,,,,,,0,0,0,0,
363,FALSE,,,,,,,,0,0,0,0,
364,FALSE,,,,,,,,0,0,0,0,
365,FALSE,,,,,,,,0,0,0,0,
366,FALSE,,,,,,,,0,0,0,0,
367,FALSE,,,,,,,,0,0,0,0,
368,FALSE,,,,,,,,0,0,0,0,
369,FALSE,,,,,,,,0,0,0,0,
370,FALSE,,,,,,,,0,0,0,0,
371,FALSE,,,,,,,,0,0,0,0,
372,FALSE,,,,,,,,0,0,0,0,
373,FALSE,,,,,,,,0,0,0,0,
374,FALSE,,,,,,,,0,0,0,0,
375,FALSE,,,,,,,,0,0,0,0,
376,FALSE,,,,,,,,0,0,0,0,
377,FALSE,,,,,,,,0,0,0,0,
378,FALSE,,,,,,,,0,0,0,0,
379,FALSE,,,,,,,,0,0,0,0,
380,FALSE,,,,,,,,0,0,0,0,
381,FALSE,,,,,,,,0,0,0,0,
382,FALSE,,,,,,,,0,0,0,0,
383,FALSE,,,,,,,,0,0,0,0,
384,FALSE,,,,,,,,0,0,0,0,
385,FALSE,,,,,,,,0,0,0,0,
386,FALSE,,,,,,,,0,0,0,0,
387,FALSE,,,,,,,,0,0,0,0,
388,FALSE,,,,,,,,0,0,0,0,
389,FALSE,,,,,,,,0,0,0,0,
390,FALSE,,,,,,,,0,0,0,0,
391,FALSE,,,,,,,,0,0,0,0,
392,FALSE,,,,,,,,0,0,0,0,
393,FALSE,,,,,,,,0,0,0,0,
394,FALSE,,,,,,,,0,0,0,0,
395,FALSE,,,,,,,,0,0,0,0,
396,FALSE,,,,,,,,0,0,0,0,
397,FALSE,,,,,,,,0,0,0,0,
398,FALSE,,,,,,,,0,0,0,0,
399,FALSE,,,,,,,,0,0,0,0,
400,FALSE,,,,,,,,0,0,0,0,
401,FALSE,,,,,,,,0,0,0,0,
402,FALSE,,,,,,,,0,0,0,0,
403,FALSE,,,,,,,,0,0,0,0,
404,FALSE,,,,,,,,0,0,0,0,
405,FALSE,,,,,,,,0,0,0,0,
406,FALSE,,,,,,,,0,0,0,0,
407,FALSE,,,,,,,,0,0,0,0,
408,FALSE,,,,,,,,0,0,0,0,
409,FALSE,,,,,,,,0,0,0,0,
410,FALSE,,,,,,,,0,0,0,0,
411,FALSE,,,,,,,,0,0,0,0,
412,FALSE,,,,,,,,0,0,0,0,
413,FALSE,,,,,,,,0,0,0,0,
414,FALSE,,,,,,,,0,0,0,0,
415,FALSE,,,,,,,,0,0,0,0,
416,FALSE,,,,,,,,0,0,0,0,
417,FALSE,,,,,,,,0,0,0,0,
418,FALSE,,,,,,,,0,0,0,0,
419,FALSE,,,,,,,,0,0,0,0,
420,FALSE,,,,,,,,0,0,0,0,
421,FALSE,,,,,,,,0,0,0,0,
422,FALSE,,,,,,,,0,0,0,0,
423,FALSE,,,,,,,,0,0,0,0,
424,FALSE,,,,,,,,0,0,0,0,
425,FALSE,,,,,,,,0,0,0,0,
426,FALSE,,,,,,,,0,0,0,0,
427,FALSE,,,,,,,,0,0,0,0,
428,FALSE,,,,,,,,0,0,0,0,
429,FALSE,,,,,,,,0,0,0,0,
430,FALSE,,,,,,,,0,0,0,0,
431,FALSE,,,,,,,,0,0,0,0,
432,FALSE,,,,,,,,0,0,0,0,
433,FALSE,,,,,,,,0,0,0,0,
434,FALSE,,,,,,,,0,0,0,0,
435,FALSE,,,,,,,,0,0,0,0,
436,FALSE,,,,,,,,0,0,0,0,
437,FALSE,,,,,,,,0,0,0,0,
438,FALSE,,,,,,,,0,0,0,0,
439,FALSE,,,,,,,,0,0,0,0,
440,FALSE,,,,,,,,0,0,0,0,
441,FALSE,,,,,,,,0,0,0,0,
442,FALSE,,,,,,,,0,0,0,0,
443,FALSE,,,,,,,,0,0,0,0,
444,FALSE,,,,,,,,0,0,0,0,
445,FALSE,,,,,,,,0,0,0,0,
446,FALSE,,,,,,,,0,0,0,0,
447,FALSE,,,,,,,,0,0,0,0,
448,FALSE,,,,,,,,0,0,0,0,
449,FALSE,,,,,,,,0,0,0,0,
450,FALSE,,,,,,,,0,0,0,0,
451,FALSE,,,,,,,,0,0,0,0,
452,FALSE,,,,,,,,0,0,0,0,
453,FALSE,,,,,,,,0,0,0,0,
454,FALSE,,,,,,,,0,0,0,0,
455,FALSE,,,,,,,,0,0,0,0,
456,FALSE,,,,,,,,0,0,0,0,
457,FALSE,,,,,,,,0,0,0,0,
458,FALSE,,,,,,,,0,0,0,0,
459,FALSE,,,,,,,,0,0,0,0,
460,FALSE,,,,,,,,0,0,0,0,
461,FALSE,,,,,,,,0,0,0,0,
462,FALSE,,,,,,,,0,0,0,0,
463,FALSE,,,,,,,,0,0,0,0,
464,FALSE,,,,,,,,0,0,0,0,
465,FALSE,,,,,,,,0,0,0,0,
466,FALSE,,,,,,,,0,0,0,0,
467,FALSE,,,,,,,,0,0,0,0,
468,FALSE,,,,,,,,0,0,0,0,
469,FALSE,,,,,,,,0,0,0,0,
470,FALSE,,,,,,,,0,0,0,0,
471,FALSE,,,,,,,,0,0,0,0,
472,FALSE,,,,,,,,0,0,0,0,
473,FALSE,,,,,,,,0,0,0,0,
474,FALSE,,,,,,,,0,0,0,0,
475,FALSE,,,,,,,,0,0,0,0,
476,FALSE,,,,,,,,0,0,0,0,
477,FALSE,,,,,,,,0,0,0,0,
478,FALSE,,,,,,,,0,0,0,0,
479,FALSE,,,,,,,,0,0,0,0,
480,FALSE,,,,,,,,0,0,0,0,
481,FALSE,,,,,,,,0,0,0,0,
482,FALSE,,,,,,,,0,0,0,0,
483,FALSE,,,,,,,,0,0,0,0,
484,FALSE,,,,,,,,0,0,0,0,
485,FALSE,,,,,,,,0,0,0,0,
486,FALSE,,,,,,,,0,0,0,0,
487,FALSE,,,,,,,,0,0,0,0,
488,FALSE,,,,,,,,0,0,0,0,
489,FALSE,,,,,,,,0,0,0,0,
490,FALSE,,,,,,,,0,0,0,0,
491,FALSE,,,,,,,,0,0,0,0,
492,FALSE,,,,,,,,0,0,0,0,
493,FALSE,,,,,,,,0,0,0,0,
494,FALSE,,,,,,,,0,0,0,0,
495,FALSE,,,,,,,,0,0,0,0,
496,FALSE,,,,,,,,0,0,0,0,
497,FALSE,,,,,,,,0,0,0,0,
498,FALSE,,,,,,,,0,0,0,0,
499,FALSE,,,,,,,,0,0,0,0,
500,FALSE,,,,,,,,0,0,0,0,
501,FALSE,,,,,,,,0,0,0,0,
502,FALSE,,,,,,,,0,0,0,0,
503,FALSE,,,,,,,,0,0,0,0,
504,FALSE,,,,,,,,0,0,0,0,
505,FALSE,,,,,,,,0,0,0,0,
506,FALSE,,,,,,,,0,0,0,0,
507,FALSE,,,,,,,,0,0,0,0,
508,FALSE,,,,,,,,0,0,0,0,
509,FALSE,,,,,,,,0,0,0,0,
510,FALSE,,,,,,,,0,0,0,0,
511,FALSE,,,,,,,,0,0,0,0,
512,FALSE,,,,,,,,0,0,0,0,
513,FALSE,,,,,,,,0,0,0,0,
514,FALSE,,,,,,,,0,0,0,0,
515,FALSE,,,,,,,,0,0,0,0,
516,FALSE,,,,,,,,0,0,0,0,
517,FALSE,,,,,,,,0,0,0,0,
518,FALSE,,,,,,,,0,0,0,0,
519,FALSE,,,,,,,,0,0,0,0,
520,FALSE,,,,,,,,0,0,0,0,
521,FALSE,,,,,,,,0,0,0,0,
522,FALSE,,,,,,,,0,0,0,0,
523,FALSE,,,,,,,,0,0,0,0,
524,FALSE,,,,,,,,0,0,0,0,
525,FALSE,,,,,,,,0,0,0,0,
526,FALSE,,,,,,,,0,0,0,0,
527,FALSE,,,,,,,,0,0,0,0,
528,FALSE,,,,,,,,0,0,0,0,
529,FALSE,,,,,,,,0,0,0,0,
530,FALSE,,,,,,,,0,0,0,0,
531,FALSE,,,,,,,,0,0,0,0,
532,FALSE,,,,,,,,0,0,0,0,
533,FALSE,,,,,,,,0,0,0,0,
534,FALSE,,,,,,,,0,0,0,0,
535,FALSE,,,,,,,,0,0,0,0,
536,FALSE,,,,,,,,0,0,0,0,
537,FALSE,,,,,,,,0,0,0,0,
538,FALSE,,,,,,,,0,0,0,0,
539,FALSE,,,,,,,,0,0,0,0,
540,FALSE,,,,,,,,0,0,0,0,
541,FALSE,,,,,,,,0,0,0,0,
542,FALSE,,,,,,,,0,0,0,0,
543,FALSE,,,,,,,,0,0,0,0,
544,FALSE,,,,,,,,0,0,0,0,
545,FALSE,,,,,,,,0,0,0,0,
546,FALSE,,,,,,,,0,0,0,0,
547,FALSE,,,,,,,,0,0,0,0,
548,FALSE,,,,,,,,0,0,0,0,
549,FALSE,,,,,,,,0,0,0,0,
550,FALSE,,,,,,,,0,0,0,0,
551,FALSE,,,,,,,,0,0,0,0,
552,FALSE,,,,,,,,0,0,0,0,
553,FALSE,,,,,,,,0,0,0,0,
554,FALSE,,,,,,,,0,0,0,0,
555,FALSE,,,,,,,,0,0,0,0,
556,FALSE,,,,,,,,0,0,0,0,
557,FALSE,,,,,,,,0,0,0,0,
558,FALSE,,,,,,,,0,0,0,0,
559,FALSE,,,,,,,,0,0,0,0,
560,FALSE,,,,,,,,0,0,0,0,
561,FALSE,,,,,,,,0,0,0,0,
562,FALSE,,,,,,,,0,0,0,0,
563,FALSE,,,,,,,,0,0,0,0,
564,FALSE,,,,,,,,0,0,0,0,
565,FALSE,,,,,,,,0,0,0,0,
566,FALSE,,,,,,,,0,0,0,0,
567,FALSE,,,,,,,,0,0,0,0,
568,FALSE,,,,,,,,0,0,0,0,
569,FALSE,,,,,,,,0,0,0,0,
570,FALSE,,,,,,,,0,0,0,0,
571,FALSE,,,,,,,,0,0,0,0,
572,FALSE,,,,,,,,0,0,0,0,
573,FALSE,,,,,,,,0,0,0,0,
574,FALSE,,,,,,,,0,0,0,0,
575,FALSE,,,,,,,,0,0,0,0,
576,FALSE,,,,,,,,0,0,0,0,
577,FALSE,,,,,,,,0,0,0,0,
578,FALSE,,,,,,,,0,0,0,0,
579,FALSE,,,,,,,,0,0,0,0,
580,FALSE,,,,,,,,0,0,0,0,
581,FALSE,,,,,,,,0,0,0,0,
582,FALSE,,,,,,,,0,0,0,0,
583,FALSE,,,,,,,,0,0,0,0,
584,FALSE,,,,,,,,0,0,0,0,
585,FALSE,,,,,,,,0,0,0,0,
586,FALSE,,,,,,,,0,0,0,0,
587,FALSE,,,,,,,,0,0,0,0,
588,FALSE,,,,,,,,0,0,0,0,
589,FALSE,,,,,,,,0,0,0,0,
590,FALSE,,,,,,,,0,0,0,0,
591,FALSE,,,,,,,,0,0,0,0,
592,FALSE,,,,,,,,0,0,0,0,
593,FALSE,,,,,,,,0,0,0,0,
594,FALSE,,,,,,,,0,0,0,0,
595,FALSE,,,,,,,,0,0,0,0,
596,FALSE,,,,,,,,0,0,0,0,
597,FALSE,,,,,,,,0,0,0,0,
598,FALSE,,,,,,,,0,0,0,0,
599,FALSE,,,,,,,,0,0,0,0,
600,FALSE,,,,,,,,0,0,0,0,
601,FALSE,,,,,,,,0,0,0,0,
602,FALSE,,,,,,,,0,0,0,0,
603,FALSE,,,,,,,,0,0,0,0,
604,FALSE,,,,,,,,0,0,0,0,
605,FALSE,,,,,,,,0,0,0,0,
606,FALSE,,,,,,,,0,0,0,0,
607,FALSE,,,,,,,,0,0,0,0,
608,FALSE,,,,,,,,0,0,0,0,
609,FALSE,,,,,,,,0,0,0,0,
610,FALSE,,,,,,,,0,0,0,0,
611,FALSE,,,,,,,,0,0,0,0,
612,FALSE,,,,,,,,0,0,0,0,
613,FALSE,,,,,,,,0,0,0,0,
614,FALSE,,,,,,,,0,0,0,0,
615,FALSE,,,,,,,,0,0,0,0,
616,FALSE,,,,,,,,0,0,0,0,
617,FALSE,,,,,,,,0,0,0,0,
618,FALSE,,,,,,,,0,0,0,0,
619,FALSE,,,,,,,,0,0,0,0,
620,FALSE,,,,,,,,0,0,0,0,
621,FALSE,,,,,,,,0,0,0,0,
622,FALSE,,,,,,,,0,0,0,0,
623,FALSE,,,,,,,,0,0,0,0,
624,FALSE,,,,,,,,0,0,0,0,
625,FALSE,,,,,,,,0,0,0,0,
626,FALSE,,,,,,,,0,0,0,0,
627,FALSE,,,,,,,,0,0,0,0,
628,FALSE,,,,,,,,0,0,0,0,
629,FALSE,,,,,,,,0,0,0,0,
630,FALSE,,,,,,,,0,0,0,0,
631,FALSE,,,,,,,,0,0,0,0,
632,FALSE,,,,,,,,0,0,0,0,
633,FALSE,,,,,,,,0,0,0,0,
634,FALSE,,,,,,,,0,0,0,0,
635,FALSE,,,,,,,,0,0,0,0,
636,FALSE,,,,,,,,0,0,0,0,
637,FALSE,,,,,,,,0,0,0,0,
638,FALSE,,,,,,,,0,0,0,0,
639,FALSE,,,,,,,,0,0,0,0,
640,FALSE,,,,,,,,0,0,0,0,
641,FALSE,,,,,,,,0,0,0,0,
642,FALSE,,,,,,,,0,0,0,0,
643,FALSE,,,,,,,,0,0,0,0,
644,FALSE,,,,,,,,0,0,0,0,
645,FALSE,,,,,,,,0,0,0,0,
646,FALSE,,,,,,,,0,0,0,0,
647,FALSE,,,,,,,,0,0,0,0,
648,FALSE,,,,,,,,0,0,0,0,
649,FALSE,,,,,,,,0,0,0,0,
650,FALSE,,,,,,,,0,0,0,0,
651,FALSE,,,,,,,,0,0,0,0,
652,FALSE,,,,,,,,0,0,0,0,
653,FALSE,,,,,,,,0,0,0,0,
654,FALSE,,,,,,,,0,0,0,0,
655,FALSE,,,,,,,,0,0,0,0,
656,FALSE,,,,,,,,0,0,0,0,
657,FALSE,,,,,,,,0,0,0,0,
658,FALSE,,,,,,,,0,0,0,0,
659,FALSE,,,,,,,,0,0,0,0,
660,FALSE,,,,,,,,0,0,0,0,
661,FALSE,,,,,,,,0,0,0,0,
662,FALSE,,,,,,,,0,0,0,0,
663,FALSE,,,,,,,,0,0,0,0,
664,FALSE,,,,,,,,0,0,0,0,
665,FALSE,,,,,,,,0,0,0,0,
666,FALSE,,,,,,,,0,0,0,0,
667,FALSE,,,,,,,,0,0,0,0,
668,FALSE,,,,,,,,0,0,0,0,
669,FALSE,,,,,,,,0,0,0,0,
670,FALSE,,,,,,,,0,0,0,0,
671,FALSE,,,,,,,,0,0,0,0,
672,FALSE,,,,,,,,0,0,0,0,
673,FALSE,,,,,,,,0,0,0,0,
674,FALSE,,,,,,,,0,0,0,0,
675,FALSE,,,,,,,,0,0,0,0,
676,FALSE,,,,,,,,0,0,0,0,
677,FALSE,,,,,,,,0,0,0,0,
678,FALSE,,,,,,,,0,0,0,0,
679,FALSE,,,,,,,,0,0,0,0,
680,FALSE,,,,,,,,0,0,0,0,
681,FALSE,,,,,,,,0,0,0,0,
682,FALSE,,,,,,,,0,0,0,0,
683,FALSE,,,,,,,,0,0,0,0,
684,FALSE,,,,,,,,0,0,0,0,
685,FALSE,,,,,,,,0,0,0,0,
686,FALSE,,,,,,,,0,0,0,0,
687,FALSE,,,,,,,,0,0,0,0,
688,FALSE,,,,,,,,0,0,0,0,
689,FALSE,,,,,,,,0,0,0,0,
690,FALSE,,,,,,,,0,0,0,0,
691,FALSE,,,,,,,,0,0,0,0,
692,FALSE,,,,,,,,0,0,0,0,
693,FALSE,,,,,,,,0,0,0,0,
694,FALSE,,,,,,,,0,0,0,0,
695,FALSE,,,,,,,,0,0,0,0,
696,FALSE,,,,,,,,0,0,0,0,
697,FALSE,,,,,,,,0,0,0,0,
698,FALSE,,,,,,,,0,0,0,0,
699,FALSE,,,,,,,,0,0,0,0,
700,FALSE,,,,,,,,0,0,0,0,
701,FALSE,,,,,,,,0,0,0,0,
702,FALSE,,,,,,,,0,0,0,0,
703,FALSE,,,,,,,,0,0,0,0,
704,FALSE,,,,,,,,0,0,0,0,
705,FALSE,,,,,,,,0,0,0,0,
706,FALSE,,,,,,,,0,0,0,0,
707,FALSE,,,,,,,,0,0,0,0,
708,FALSE,,,,,,,,0,0,0,0,
709,FALSE,,,,,,,,0,0,0,0,
710,FALSE,,,,,,,,0,0,0,0,
711,FALSE,,,,,,,,0,0,0,0,
712,FALSE,,,,,,,,0,0,0,0,
713,FALSE,,,,,,,,0,0,0,0,
714,FALSE,,,,,,,,0,0,0,0,
715,FALSE,,,,,,,,0,0,0,0,
716,FALSE,,,,,,,,0,0,0,0,
717,FALSE,,,,,,,,0,0,0,0,
718,FALSE,,,,,,,,0,0,0,0,
719,FALSE,,,,,,,,0,0,0,0,
720,FALSE,,,,,,,,0,0,0,0,
721,FALSE,,,,,,,,0,0,0,0,
722,FALSE,,,,,,,,0,0,0,0,
723,FALSE,,,,,,,,0,0,0,0,
724,FALSE,,,,,,,,0,0,0,0,
725,FALSE,,,,,,,,0,0,0,0,
726,FALSE,,,,,,,,0,0,0,0,
727,FALSE,,,,,,,,0,0,0,0,
728,FALSE,,,,,,,,0,0,0,0,
729,FALSE,,,,,,,,0,0,0,0,
730,FALSE,,,,,,,,0,0,0,0,
731,FALSE,,,,,,,,0,0,0,0,
732,FALSE,,,,,,,,0,0,0,0,
733,FALSE,,,,,,,,0,0,0,0,
734,FALSE,,,,,,,,0,0,0,0,
735,FALSE,,,,,,,,0,0,0,0,
736,FALSE,,,,,,,,0,0,0,0,
737,FALSE,,,,,,,,0,0,0,0,
738,FALSE,,,,,,,,0,0,0,0,
739,FALSE,,,,,,,,0,0,0,0,
740,FALSE,,,,,,,,0,0,0,0,
741,FALSE,,,,,,,,0,0,0,0,
742,FALSE,,,,,,,,0,0,0,0,
743,FALSE,,,,,,,,0,0,0,0,
744,FALSE,,,,,,,,0,0,0,0,
745,FALSE,,,,,,,,0,0,0,0,
746,FALSE,,,,,,,,0,0,0,0,
747,FALSE,,,,,,,,0,0,0,0,
748,FALSE,,,,,,,,0,0,0,0,
749,FALSE,,,,,,,,0,0,0,0,
750,FALSE,,,,,,,,0,0,0,0,
751,FALSE,,,,,,,,0,0,0,0,
752,FALSE,,,,,,,,0,0,0,0,
753,FALSE,,,,,,,,0,0,0,0,
754,FALSE,,,,,,,,0,0,0,0,
755,FALSE,,,,,,,,0,0,0,0,
756,FALSE,,,,,,,,0,0,0,0,
757,FALSE,,,,,,,,0,0,0,0,
758,FALSE,,,,,,,,0,0,0,0,
759,FALSE,,,,,,,,0,0,0,0,
760,FALSE,,,,,,,,0,0,0,0,
761,FALSE,,,,,,,,0,0,0,0,
762,FALSE,,,,,,,,0,0,0,0,
763,FALSE,,,,,,,,0,0,0,0,
764,FALSE,,,,,,,,0,0,0,0,
765,FALSE,,,,,,,,0,0,0,0,
766,FALSE,,,,,,,,0,0,0,0,
767,FALSE,,,,,,,,0,0,0,0,
768,FALSE,,,,,,,,0,0,0,0,
769,FALSE,,,,,,,,0,0,0,0,
770,FALSE,,,,,,,,0,0,0,0,
771,FALSE,,,,,,,,0,0,0,0,
772,FALSE,,,,,,,,0,0,0,0,
773,FALSE,,,,,,,,0,0,0,0,
774,FALSE,,,,,,,,0,0,0,0,
775,FALSE,,,,,,,,0,0,0,0,
776,FALSE,,,,,,,,0,0,0,0,
777,FALSE,,,,,,,,0,0,0,0,
778,FALSE,,,,,,,,0,0,0,0,
779,FALSE,,,,,,,,0,0,0,0,
780,FALSE,,,,,,,,0,0,0,0,
781,FALSE,,,,,,,,0,0,0,0,
782,FALSE,,,,,,,,0,0,0,0,
783,FALSE,,,,,,,,0,0,0,0,
784,FALSE,,,,,,,,0,0,0,0,
785,FALSE,,,,,,,,0,0,0,0,
786,FALSE,,,,,,,,0,0,0,0,
787,FALSE,,,,,,,,0,0,0,0,
788,FALSE,,,,,,,,0,0,0,0,
789,FALSE,,,,,,,,0,0,0,0,
790,FALSE,,,,,,,,0,0,0,0,
791,FALSE,,,,,,,,0,0,0,0,
792,FALSE,,,,,,,,0,0,0,0,
793,FALSE,,,,,,,,0,0,0,0,
794,FALSE,,,,,,,,0,0,0,0,
795,FALSE,,,,,,,,0,0,0,0,
796,FALSE,,,,,,,,0,0,0,0,
797,FALSE,,,,,,,,0,0,0,0,
798,FALSE,,,,,,,,0,0,0,0,
799,FALSE,,,,,,,,0,0,0,0,
800,FALSE,,,,,,,,0,0,0,0,
801,FALSE,,,,,,,,0,0,0,0,
802,FALSE,,,,,,,,0,0,0,0,
803,FALSE,,,,,,,,0,0,0,0,
804,FALSE,,,,,,,,0,0,0,0,
805,FALSE,,,,,,,,0,0,0,0,
806,FALSE,,,,,,,,0,0,0,0,
807,FALSE,,,,,,,,0,0,0,0,
808,FALSE,,,,,,,,0,0,0,0,
809,FALSE,,,,,,,,0,0,0,0,
810,FALSE,,,,,,,,0,0,0,0,
811,FALSE,,,,,,,,0,0,0,0,
812,FALSE,,,,,,,,0,0,0,0,
813,FALSE,,,,,,,,0,0,0,0,
814,FALSE,,,,,,,,0,0,0,0,
815,FALSE,,,,,,,,0,0,0,0,
816,FALSE,,,,,,,,0,0,0,0,
817,FALSE,,,,,,,,0,0,0,0,
818,FALSE,,,,,,,,0,0,0,0,
819,FALSE,,,,,,,,0,0,0,0,
820,FALSE,,,,,,,,0,0,0,0,
821,FALSE,,,,,,,,0,0,0,0,
822,FALSE,,,,,,,,0,0,0,0,
823,FALSE,,,,,,,,0,0,0,0,
824,FALSE,,,,,,,,0,0,0,0,
825,FALSE,,,,,,,,0,0,0,0,
826,FALSE,,,,,,,,0,0,0,0,
827,FALSE,,,,,,,,0,0,0,0,
828,FALSE,,,,,,,,0,0,0,0,
829,FALSE,,,,,,,,0,0,0,0,
830,FALSE,,,,,,,,0,0,0,0,
831,FALSE,,,,,,,,0,0,0,0,
832,FALSE,,,,,,,,0,0,0,0,
833,FALSE,,,,,,,,0,0,0,0,
834,FALSE,,,,,,,,0,0,0,0,
835,FALSE,,,,,,,,0,0,0,0,
836,FALSE,,,,,,,,0,0,0,0,
837,FALSE,,,,,,,,0,0,0,0,
838,FALSE,,,,,,,,0,0,0,0,
839,FALSE,,,,,,,,0,0,0,0,
840,FALSE,,,,,,,,0,0,0,0,
841,FALSE,,,,,,,,0,0,0,0,
842,FALSE,,,,,,,,0,0,0,0,
843,FALSE,,,,,,,,0,0,0,0,
844,FALSE,,,,,,,,0,0,0,0,
845,FALSE,,,,,,,,0,0,0,0,
846,FALSE,,,,,,,,0,0,0,0,
847,FALSE,,,,,,,,0,0,0,0,
848,FALSE,,,,,,,,0,0,0,0,
849,FALSE,,,,,,,,0,0,0,0,
850,FALSE,,,,,,,,0,0,0,0,
851,FALSE,,,,,,,,0,0,0,0,
852,FALSE,,,,,,,,0,0,0,0,
853,FALSE,,,,,,,,0,0,0,0,
854,FALSE,,,,,,,,0,0,0,0,
855,FALSE,,,,,,,,0,0,0,0,
856,FALSE,,,,,,,,0,0,0,0,
857,FALSE,,,,,,,,0,0,0,0,
858,FALSE,,,,,,,,0,0,0,0,
859,FALSE,,,,,,,,0,0,0,0,
860,FALSE,,,,,,,,0,0,0,0,
861,FALSE,,,,,,,,0,0,0,0,
862,FALSE,,,,,,,,0,0,0,0,
863,FALSE,,,,,,,,0,0,0,0,
864,FALSE,,,,,,,,0,0,0,0,
865,FALSE,,,,,,,,0,0,0,0,
866,FALSE,,,,,,,,0,0,0,0,
867,FALSE,,,,,,,,0,0,0,0,
868,FALSE,,,,,,,,0,0,0,0,
869,FALSE,,,,,,,,0,0,0,0,
870,FALSE,,,,,,,,0,0,0,0,
871,FALSE,,,,,,,,0,0,0,0,
872,FALSE,,,,,,,,0,0,0,0,
873,FALSE,,,,,,,,0,0,0,0,
874,FALSE,,,,,,,,0,0,0,0,
875,FALSE,,,,,,,,0,0,0,0,
876,FALSE,,,,,,,,0,0,0,0,
877,FALSE,,,,,,,,0,0,0,0,
878,FALSE,,,,,,,,0,0,0,0,
879,FALSE,,,,,,,,0,0,0,0,
880,FALSE,,,,,,,,0,0,0,0,
881,FALSE,,,,,,,,0,0,0,0,
882,FALSE,,,,,,,,0,0,0,0,
883,FALSE,,,,,,,,0,0,0,0,
884,FALSE,,,,,,,,0,0,0,0,
885,FALSE,,,,,,,,0,0,0,0,
886,FALSE,,,,,,,,0,0,0,0,
887,FALSE,,,,,,,,0,0,0,0,
888,FALSE,,,,,,,,0,0,0,0,
889,FALSE,,,,,,,,0,0,0,0,
890,FALSE,,,,,,,,0,0,0,0,
891,FALSE,,,,,,,,0,0,0,0,
892,FALSE,,,,,,,,0,0,0,0,
893,FALSE,,,,,,,,0,0,0,0,
894,FALSE,,,,,,,,0,0,0,0,
895,FALSE,,,,,,,,0,0,0,0,
896,FALSE,,,,,,,,0,0,0,0,
897,FALSE,,,,,,,,0,0,0,0,
898,FALSE,,,,,,,,0,0,0,0,
899,FALSE,,,,,,,,0,0,0,0,
900,FALSE,,,,,,,,0,0,0,0,
901,FALSE,,,,,,,,0,0,0,0,
902,FALSE,,,,,,,,0,0,0,0,
903,FALSE,,,,,,,,0,0,0,0,
904,FALSE,,,,,,,,0,0,0,0,
905,FALSE,,,,,,,,0,0,0,0,
906,FALSE,,,,,,,,0,0,0,0,
907,FALSE,,,,,,,,0,0,0,0,
908,FALSE,,,,,,,,0,0,0,0,
909,FALSE,,,,,,,,0,0,0,0,
910,FALSE,,,,,,,,0,0,0,0,
911,FALSE,,,,,,,,0,0,0,0,
912,FALSE,,,,,,,,0,0,0,0,
913,FALSE,,,,,,,,0,0,0,0,
914,FALSE,,,,,,,,0,0,0,0,
915,FALSE,,,,,,,,0,0,0,0,
916,FALSE,,,,,,,,0,0,0,0,
917,FALSE,,,,,,,,0,0,0,0,
918,FALSE,,,,,,,,0,0,0,0,
919,FALSE,,,,,,,,0,0,0,0,
920,FALSE,,,,,,,,0,0,0,0,
921,FALSE,,,,,,,,0,0,0,0,
922,FALSE,,,,,,,,0,0,0,0,
923,FALSE,,,,,,,,0,0,0,0,
924,FALSE,,,,,,,,0,0,0,0,
925,FALSE,,,,,,,,0,0,0,0,
926,FALSE,,,,,,,,0,0,0,0,
927,FALSE,,,,,,,,0,0,0,0,
928,FALSE,,,,,,,,0,0,0,0,
929,FALSE,,,,,,,,0,0,0,0,
930,FALSE,,,,,,,,0,0,0,0,
931,FALSE,,,,,,,,0,0,0,0,
932,FALSE,,,,,,,,0,0,0,0,
933,FALSE,,,,,,,,0,0,0,0,
934,FALSE,,,,,,,,0,0,0,0,
935,FALSE,,,,,,,,0,0,0,0,
936,FALSE,,,,,,,,0,0,0,0,
937,FALSE,,,,,,,,0,0,0,0,
938,FALSE,,,,,,,,0,0,0,0,
939,FALSE,,,,,,,,0,0,0,0,
940,FALSE,,,,,,,,0,0,0,0,
941,FALSE,,,,,,,,0,0,0,0,
942,FALSE,,,,,,,,0,0,0,0,
943,FALSE,,,,,,,,0,0,0,0,
944,FALSE,,,,,,,,0,0,0,0,
945,FALSE,,,,,,,,0,0,0,0,
946,FALSE,,,,,,,,0,0,0,0,
947,FALSE,,,,,,,,0,0,0,0,
948,FALSE,,,,,,,,0,0,0,0,
949,FALSE,,,,,,,,0,0,0,0,
950,FALSE,,,,,,,,0,0,0,0,
951,FALSE,,,,,,,,0,0,0,0,
952,FALSE,,,,,,,,0,0,0,0,
953,FALSE,,,,,,,,0,0,0,0,
954,FALSE,,,,,,,,0,0,0,0,
955,FALSE,,,,,,,,0,0,0,0,
956,FALSE,,,,,,,,0,0,0,0,
957,FALSE,,,,,,,,0,0,0,0,
958,FALSE,,,,,,,,0,0,0,0,
959,FALSE,,,,,,,,0,0,0,0,
960,FALSE,,,,,,,,0,0,0,0,
961,FALSE,,,,,,,,0,0,0,0,
962,FALSE,,,,,,,,0,0,0,0,
963,FALSE,,,,,,,,0,0,0,0,
964,FALSE,,,,,,,,0,0,0,0,
965,FALSE,,,,,,,,0,0,0,0,
966,FALSE,,,,,,,,0,0,0,0,
967,FALSE,,,,,,,,0,0,0,0,
968,FALSE,,,,,,,,0,0,0,0,
969,FALSE,,,,,,,,0,0,0,0,
970,FALSE,,,,,,,,0,0,0,0,
971,FALSE,,,,,,,,0,0,0,0,
972,FALSE,,,,,,,,0,0,0,0,
973,FALSE,,,,,,,,0,0,0,0,
974,FALSE,,,,,,,,0,0,0,0,
975,FALSE,,,,,,,,0,0,0,0,
976,FALSE,,,,,,,,0,0,0,0,
977,FALSE,,,,,,,,0,0,0,0,
978,FALSE,,,,,,,,0,0,0,0,
979,FALSE,,,,,,,,0,0,0,0,
980,FALSE,,,,,,,,0,0,0,0,
981,FALSE,,,,,,,,0,0,0,0,
982,FALSE,,,,,,,,0,0,0,0,
983,FALSE,,,,,,,,0,0,0,0,
984,FALSE,,,,,,,,0,0,0,0,
985,FALSE,,,,,,,,0,0,0,0,
986,FALSE,,,,,,,,0,0,0,0,
987,FALSE,,,,,,,,0,0,0,0,
988,FALSE,,,,,,,,0,0,0,0,
989,FALSE,,,,,,,,0,0,0,0,
990,FALSE,,,,,,,,0,0,0,0,
991,FALSE,,,,,,,,0,0,0,0,
992,FALSE,,,,,,,,0,0,0,0,
993,FALSE,,,,,,,,0,0,0,0,
994,FALSE,,,,,,,,0,0,0,0,
995,FALSE,,,,,,,,0,0,0,0,
996,FALSE,,,,,,,,0,0,0,0,
997,FALSE,,,,,,,,0,0,0,0,
998,FALSE,,,,,,,,0,0,0,0,
999,FALSE,,,,,,,,0,0,0,0,
1000,FALSE,,,,,,,,0,0,0,0,
1001,FALSE,,,,,,,,0,0,0,0,
1002,FALSE,,,,,,,,0,0,0,0,
1003,FALSE,,,,,,,,0,0,0,0,
1004,FALSE,,,,,,,,0,0,0,0,
1005,FALSE,,,,,,,,0,0,0,0,
1006,FALSE,,,,,,,,0,0,0,0,
1007,FALSE,,,,,,,,0,0,0,0,
1008,FALSE,,,,,,,,0,0,0,0,
1009,FALSE,,,,,,,,0,0,0,0,
1010,FALSE,,,,,,,,0,0,0,0,
1011,FALSE,,,,,,,,0,0,0,0,
1012,FALSE,,,,,,,,0,0,0,0,
1013,FALSE,,,,,,,,0,0,0,0,
1014,FALSE,,,,,,,,0,0,0,0,
1015,FALSE,,,,,,,,0,0,0,0,
1016,FALSE,,,,,,,,0,0,0,0,
1017,FALSE,,,,,,,,0,0,0,0,
1018,FALSE,,,,,,,,0,0,0,0,
1019,FALSE,,,,,,,,0,0,0,0,
1020,FALSE,,,,,,,,0,0,0,0,
1021,FALSE,,,,,,,,0,0,0,0,
1022,FALSE,,,,,,,,0,0,0,0,
1023,FALSE,,,,,,,,0,0,0,0,
1024,FALSE,,,,,,,,0,0,0,0,
1025,FALSE,,,,,,,,0,0,0,0,
1026,FALSE,,,,,,,,0,0,0,0,
1027,FALSE,,,,,,,,0,0,0,0,
1028,FALSE,,,,,,,,0,0,0,0,
1029,FALSE,,,,,,,,0,0,0,0,
1030,FALSE,,,,,,,,0,0,0,0,
1031,FALSE,,,,,,,,0,0,0,0,
1032,FALSE,,,,,,,,0,0,0,0,
1033,FALSE,,,,,,,,0,0,0,0,
1034,FALSE,,,,,,,,0,0,0,0,
1035,FALSE,,,,,,,,0,0,0,0,
1036,FALSE,,,,,,,,0,0,0,0,
1037,FALSE,,,,,,,,0,0,0,0,
1038,FALSE,,,,,,,,0,0,0,0,
1039,FALSE,,,,,,,,0,0,0,0,
1040,FALSE,,,,,,,,0,0,0,0,
1041,FALSE,,,,,,,,0,0,0,0,
1042,FALSE,,,,,,,,0,0,0,0,
1043,FALSE,,,,,,,,0,0,0,0,
1044,FALSE,,,,,,,,0,0,0,0,
1045,FALSE,,,,,,,,0,0,0,0,
1046,FALSE,,,,,,,,0,0,0,0,
1047,FALSE,,,,,,,,0,0,0,0,
1048,FALSE,,,,,,,,0,0,0,0,
1049,FALSE,,,,,,,,0,0,0,0,
1050,FALSE,,,,,,,,0,0,0,0,
1051,FALSE,,,,,,,,0,0,0,0,
1052,FALSE,,,,,,,,0,0,0,0,
1053,FALSE,,,,,,,,0,0,0,0,
1054,FALSE,,,,,,,,0,0,0,0,
1055,FALSE,,,,,,,,0,0,0,0,
1056,FALSE,,,,,,,,0,0,0,0,
1057,FALSE,,,,,,,,0,0,0,0,
1058,FALSE,,,,,,,,0,0,0,0,
1059,FALSE,,,,,,,,0,0,0,0,
1060,FALSE,,,,,,,,0,0,0,0,
1061,FALSE,,,,,,,,0,0,0,0,
1062,FALSE,,,,,,,,0,0,0,0,
1063,FALSE,,,,,,,,0,0,0,0,
1064,FALSE,,,,,,,,0,0,0,0,
1065,FALSE,,,,,,,,0,0,0,0,
1066,FALSE,,,,,,,,0,0,0,0,
1067,FALSE,,,,,,,,0,0,0,0,
1068,FALSE,,,,,,,,0,0,0,0,
1069,FALSE,,,,,,,,0,0,0,0,
1070,FALSE,,,,,,,,0,0,0,0,
1071,FALSE,,,,,,,,0,0,0,0,
1072,FALSE,,,,,,,,0,0,0,0,
1073,FALSE,,,,,,,,0,0,0,0,
1074,FALSE,,,,,,,,0,0,0,0,
1075,FALSE,,,,,,,,0,0,0,0,
1076,FALSE,,,,,,,,0,0,0,0,
1077,FALSE,,,,,,,,0,0,0,0,
1078,FALSE,,,,,,,,0,0,0,0,
1079,FALSE,,,,,,,,0,0,0,0,
1080,FALSE,,,,,,,,0,0,0,0,
1081,FALSE,,,,,,,,0,0,0,0,
1082,FALSE,,,,,,,,0,0,0,0,
1083,FALSE,,,,,,,,0,0,0,0,
1084,FALSE,,,,,,,,0,0,0,0,
1085,FALSE,,,,,,,,0,0,0,0,
1086,FALSE,,,,,,,,0,0,0,0,
1087,FALSE,,,,,,,,0,0,0,0,
1088,FALSE,,,,,,,,0,0,0,0,
1089,FALSE,,,,,,,,0,0,0,0,
1090,FALSE,,,,,,,,0,0,0,0,
1091,FALSE,,,,,,,,0,0,0,0,
1092,FALSE,,,,,,,,0,0,0,0,
1093,FALSE,,,,,,,,0,0,0,0,
1094,FALSE,,,,,,,,0,0,0,0,
1095,FALSE,,,,,,,,0,0,0,0,
1096,FALSE,,,,,,,,0,0,0,0,
1097,FALSE,,,,,,,,0,0,0,0,
1098,FALSE,,,,,,,,0,0,0,0,
1099,FALSE,,,,,,,,0,0,0,0,
1100,FALSE,,,,,,,,0,0,0,0,
1101,FALSE,,,,,,,,0,0,0,0,
1102,FALSE,,,,,,,,0,0,0,0,
1103,FALSE,,,,,,,,0,0,0,0,
1104,FALSE,,,,,,,,0,0,0,0,
1105,FALSE,,,,,,,,0,0,0,0,
1106,FALSE,,,,,,,,0,0,0,0,
1107,FALSE,,,,,,,,0,0,0,0,
1108,FALSE,,,,,,,,0,0,0,0,
1109,FALSE,,,,,,,,0,0,0,0,
1110,FALSE,,,,,,,,0,0,0,0,
1111,FALSE,,,,,,,,0,0,0,0,
1112,FALSE,,,,,,,,0,0,0,0,
1113,FALSE,,,,,,,,0,0,0,0,
1114,FALSE,,,,,,,,0,0,0,0,
1115,FALSE,,,,,,,,0,0,0,0,
1116,FALSE,,,,,,,,0,0,0,0,
1117,FALSE,,,,,,,,0,0,0,0,
1118,FALSE,,,,,,,,0,0,0,0,
1119,FALSE,,,,,,,,0,0,0,0,
1120,FALSE,,,,,,,,0,0,0,0,
1121,FALSE,,,,,,,,0,0,0,0,
1122,FALSE,,,,,,,,0,0,0,0,
1123,FALSE,,,,,,,,0,0,0,0,
1124,FALSE,,,,,,,,0,0,0,0,
1125,FALSE,,,,,,,,0,0,0,0,
1126,FALSE,,,,,,,,0,0,0,0,
1127,FALSE,,,,,,,,0,0,0,0,
1128,FALSE,,,,,,,,0,0,0,0,
1129,FALSE,,,,,,,,0,0,0,0,
1130,FALSE,,,,,,,,0,0,0,0,
1131,FALSE,,,,,,,,0,0,0,0,
1132,FALSE,,,,,,,,0,0,0,0,
1133,FALSE,,,,,,,,0,0,0,0,
1134,FALSE,,,,,,,,0,0,0,0,
1135,FALSE,,,,,,,,0,0,0,0,
1136,FALSE,,,,,,,,0,0,0,0,
1137,FALSE,,,,,,,,0,0,0,0,
1138,FALSE,,,,,,,,0,0,0,0,
1139,FALSE,,,,,,,,0,0,0,0,
1140,FALSE,,,,,,,,0,0,0,0,
1141,FALSE,,,,,,,,0,0,0,0,
1142,FALSE,,,,,,,,0,0,0,0,
1143,FALSE,,,,,,,,0,0,0,0,
1144,FALSE,,,,,,,,0,0,0,0,
1145,FALSE,,,,,,,,0,0,0,0,
1146,FALSE,,,,,,,,0,0,0,0,
1147,FALSE,,,,,,,,0,0,0,0,
1148,FALSE,,,,,,,,0,0,0,0,
1149,FALSE,,,,,,,,0,0,0,0,
1150,FALSE,,,,,,,,0,0,0,0,
1151,FALSE,,,,,,,,0,0,0,0,
1152,FALSE,,,,,,,,0,0,0,0,
1153,FALSE,,,,,,,,0,0,0,0,
1154,FALSE,,,,,,,,0,0,0,0,
1155,FALSE,,,,,,,,0,0,0,0,
1156,FALSE,,,,,,,,0,0,0,0,
1157,FALSE,,,,,,,,0,0,0,0,
1158,FALSE,,,,,,,,0,0,0,0,
1159,FALSE,,,,,,,,0,0,0,0,
1160,FALSE,,,,,,,,0,0,0,0,
1161,FALSE,,,,,,,,0,0,0,0,
1162,FALSE,,,,,,,,0,0,0,0,
1163,FALSE,,,,,,,,0,0,0,0,
1164,FALSE,,,,,,,,0,0,0,0,
1165,FALSE,,,,,,,,0,0,0,0,
1166,FALSE,,,,,,,,0,0,0,0,
1167,FALSE,,,,,,,,0,0,0,0,
1168,FALSE,,,,,,,,0,0,0,0,
1169,FALSE,,,,,,,,0,0,0,0,
1170,FALSE,,,,,,,,0,0,0,0,
1171,FALSE,,,,,,,,0,0,0,0,
1172,FALSE,,,,,,,,0,0,0,0,
1173,FALSE,,,,,,,,0,0,0,0,
1174,FALSE,,,,,,,,0,0,0,0,
1175,FALSE,,,,,,,,0,0,0,0,
1176,FALSE,,,,,,,,0,0,0,0,
1177,FALSE,,,,,,,,0,0,0,0,
1178,FALSE,,,,,,,,0,0,0,0,
1179,FALSE,,,,,,,,0,0,0,0,
1180,FALSE,,,,,,,,0,0,0,0,
1181,FALSE,,,,,,,,0,0,0,0,
1182,FALSE,,,,,,,,0,0,0,0,
1183,FALSE,,,,,,,,0,0,0,0,
1184,FALSE,,,,,,,,0,0,0,0,
1185,FALSE,,,,,,,,0,0,0,0,
1186,FALSE,,,,,,,,0,0,0,0,
1187,FALSE,,,,,,,,0,0,0,0,
1188,FALSE,,,,,,,,0,0,0,0,
1189,FALSE,,,,,,,,0,0,0,0,
1190,FALSE,,,,,,,,0,0,0,0,
1191,FALSE,,,,,,,,0,0,0,0,
1192,FALSE,,,,,,,,0,0,0,0,
1193,FALSE,,,,,,,,0,0,0,0,
1194,FALSE,,,,,,,,0,0,0,0,
1195,FALSE,,,,,,,,0,0,0,0,
1196,FALSE,,,,,,,,0,0,0,0,
1197,FALSE,,,,,,,,0,0,0,0,
1198,FALSE,,,,,,,,0,0,0,0,
1199,FALSE,,,,,,,,0,0,0,0,
1200,FALSE,,,,,,,,0,0,0,0,
1201,FALSE,,,,,,,,0,0,0,0,
1202,FALSE,,,,,,,,0,0,0,0,
1203,FALSE,,,,,,,,0,0,0,0,
1204,FALSE,,,,,,,,0,0,0,0,
1205,FALSE,,,,,,,,0,0,0,0,
1206,FALSE,,,,,,,,0,0,0,0,
1207,FALSE,,,,,,,,0,0,0,0,
1208,FALSE,,,,,,,,0,0,0,0,
1209,FALSE,,,,,,,,0,0,0,0,
1210,FALSE,,,,,,,,0,0,0,0,
1211,FALSE,,,,,,,,0,0,0,0,
1212,FALSE,,,,,,,,0,0,0,0,
1213,FALSE,,,,,,,,0,0,0,0,
1214,FALSE,,,,,,,,0,0,0,0,
1215,FALSE,,,,,,,,0,0,0,0,
1216,FALSE,,,,,,,,0,0,0,0,
1217,FALSE,,,,,,,,0,0,0,0,
1218,FALSE,,,,,,,,0,0,0,0,
1219,FALSE,,,,,,,,0,0,0,0,
1220,FALSE,,,,,,,,0,0,0,0,
1221,FALSE,,,,,,,,0,0,0,0,
1222,FALSE,,,,,,,,0,0,0,0,
1223,FALSE,,,,,,,,0,0,0,0,
1224,FALSE,,,,,,,,0,0,0,0,
1225,FALSE,,,,,,,,0,0,0,0,
1226,FALSE,,,,,,,,0,0,0,0,
1227,FALSE,,,,,,,,0,0,0,0,
1228,FALSE,,,,,,,,0,0,0,0,
1229,FALSE,,,,,,,,0,0,0,0,
1230,FALSE,,,,,,,,0,0,0,0,
1231,FALSE,,,,,,,,0,0,0,0,
1232,FALSE,,,,,,,,0,0,0,0,
1233,FALSE,,,,,,,,0,0,0,0,
1234,FALSE,,,,,,,,0,0,0,0,
1235,FALSE,,,,,,,,0,0,0,0,
1236,FALSE,,,,,,,,0,0,0,0,
1237,FALSE,,,,,,,,0,0,0,0,
1238,FALSE,,,,,,,,0,0,0,0,
1239,FALSE,,,,,,,,0,0,0,0,
1240,FALSE,,,,,,,,0,0,0,0,
1241,FALSE,,,,,,,,0,0,0,0,
1242,FALSE,,,,,,,,0,0,0,0,
1243,FALSE,,,,,,,,0,0,0,0,
1244,FALSE,,,,,,,,0,0,0,0,
1245,FALSE,,,,,,,,0,0,0,0,
1246,FALSE,,,,,,,,0,0,0,0,
1247,FALSE,,,,,,,,0,0,0,0,
1248,FALSE,,,,,,,,0,0,0,0,
1249,FALSE,,,,,,,,0,0,0,0,
1250,FALSE,,,,,,,,0,0,0,0,
1251,FALSE,,,,,,,,0,0,0,0,
1252,FALSE,,,,,,,,0,0,0,0,
1253,FALSE,,,,,,,,0,0,0,0,
1254,FALSE,,,,,,,,0,0,0,0,
1255,FALSE,,,,,,,,0,0,0,0,
1256,FALSE,,,,,,,,0,0,0,0,
1257,FALSE,,,,,,,,0,0,0,0,
1258,FALSE,,,,,,,,0,0,0,0,
1259,FALSE,,,,,,,,0,0,0,0,
1260,FALSE,,,,,,,,0,0,0,0,
1261,FALSE,,,,,,,,0,0,0,0,
1262,FALSE,,,,,,,,0,0,0,0,
1263,FALSE,,,,,,,,0,0,0,0,
1264,FALSE,,,,,,,,0,0,0,0,
1265,FALSE,,,,,,,,0,0,0,0,
1266,FALSE,,,,,,,,0,0,0,0,
1267,FALSE,,,,,,,,0,0,0,0,
1268,FALSE,,,,,,,,0,0,0,0,
1269,FALSE,,,,,,,,0,0,0,0,
1270,FALSE,,,,,,,,0,0,0,0,
1271,FALSE,,,,,,,,0,0,0,0,
1272,FALSE,,,,,,,,0,0,0,0,
1273,FALSE,,,,,,,,0,0,0,0,
1274,FALSE,,,,,,,,0,0,0,0,
1275,FALSE,,,,,,,,0,0,0,0,
1276,FALSE,,,,,,,,0,0,0,0,
1277,FALSE,,,,,,,,0,0,0,0,
1278,FALSE,,,,,,,,0,0,0,0,
1279,FALSE,,,,,,,,0,0,0,0,
1280,FALSE,,,,,,,,0,0,0,0,
1281,FALSE,,,,,,,,0,0,0,0,
1282,FALSE,,,,,,,,0,0,0,0,
1283,FALSE,,,,,,,,0,0,0,0,
1284,FALSE,,,,,,,,0,0,0,0,
1285,FALSE,,,,,,,,0,0,0,0,
1286,FALSE,,,,,,,,0,0,0,0,
1287,FALSE,,,,,,,,0,0,0,0,
1288,FALSE,,,,,,,,0,0,0,0,
1289,FALSE,,,,,,,,0,0,0,0,
1290,FALSE,,,,,,,,0,0,0,0,
1291,FALSE,,,,,,,,0,0,0,0,
1292,FALSE,,,,,,,,0,0,0,0,
1293,FALSE,,,,,,,,0,0,0,0,
1294,FALSE,,,,,,,,0,0,0,0,
1295,FALSE,,,,,,,,0,0,0,0,
1296,FALSE,,,,,,,,0,0,0,0,
1297,FALSE,,,,,,,,0,0,0,0,
1298,FALSE,,,,,,,,0,0,0,0,
1299,FALSE,,,,,,,,0,0,0,0,
1300,FALSE,,,,,,,,0,0,0,0,
1301,FALSE,,,,,,,,0,0,0,0,
1302,FALSE,,,,,,,,0,0,0,0,
1303,FALSE,,,,,,,,0,0,0,0,
1304,FALSE,,,,,,,,0,0,0,0,
1305,FALSE,,,,,,,,0,0,0,0,
1306,FALSE,,,,,,,,0,0,0,0,
1307,FALSE,,,,,,,,0,0,0,0,
1308,FALSE,,,,,,,,0,0,0,0,
1309,FALSE,,,,,,,,0,0,0,0,
1310,FALSE,,,,,,,,0,0,0,0,
1311,FALSE,,,,,,,,0,0,0,0,
1312,FALSE,,,,,,,,0,0,0,0,
1313,FALSE,,,,,,,,0,0,0,0,
1314,FALSE,,,,,,,,0,0,0,0,
1315,FALSE,,,,,,,,0,0,0,0,
1316,FALSE,,,,,,,,0,0,0,0,
1317,FALSE,,,,,,,,0,0,0,0,
1318,FALSE,,,,,,,,0,0,0,0,
1319,FALSE,,,,,,,,0,0,0,0,
1320,FALSE,,,,,,,,0,0,0,0,
1321,FALSE,,,,,,,,0,0,0,0,
1322,FALSE,,,,,,,,0,0,0,0,
1323,FALSE,,,,,,,,0,0,0,0,
1324,FALSE,,,,,,,,0,0,0,0,
1325,FALSE,,,,,,,,0,0,0,0,
1326,FALSE,,,,,,,,0,0,0,0,
1327,FALSE,,,,,,,,0,0,0,0,
1328,FALSE,,,,,,,,0,0,0,0,
1329,FALSE,,,,,,,,0,0,0,0,
1330,FALSE,,,,,,,,0,0,0,0,
1331,FALSE,,,,,,,,0,0,0,0,
1332,FALSE,,,,,,,,0,0,0,0,
1333,FALSE,,,,,,,,0,0,0,0,
1334,FALSE,,,,,,,,0,0,0,0,
1335,FALSE,,,,,,,,0,0,0,0,
1336,FALSE,,,,,,,,0,0,0,0,
1337,FALSE,,,,,,,,0,0,0,0,
1338,FALSE,,,,,,,,0,0,0,0,
1339,FALSE,,,,,,,,0,0,0,0,
1340,FALSE,,,,,,,,0,0,0,0,
1341,FALSE,,,,,,,,0,0,0,0,
1342,FALSE,,,,,,,,0,0,0,0,
1343,FALSE,,,,,,,,0,0,0,0,
1344,FALSE,,,,,,,,0,0,0,0,
1345,FALSE,,,,,,,,0,0,0,0,
1346,FALSE,,,,,,,,0,0,0,0,
1347,FALSE,,,,,,,,0,0,0,0,
1348,FALSE,,,,,,,,0,0,0,0,
1349,FALSE,,,,,,,,0,0,0,0,
1350,FALSE,,,,,,,,0,0,0,0,
1351,FALSE,,,,,,,,0,0,0,0,
1352,FALSE,,,,,,,,0,0,0,0,
1353,FALSE,,,,,,,,0,0,0,0,
1354,FALSE,,,,,,,,0,0,0,0,
,FALSE,,,,,,,,,,,,
,FALSE,,,,,,,,,,,,
,FALSE,,,,,,,,,,,,
,FALSE,,,,,,,,,,,,
,FALSE,,,,,,,,,,,,
,FALSE,,,,,,,,,,,,
,FALSE,,,,,,,,,,,,
,FALSE,,,,,,,,,,,,
,FALSE,,,,,,,,,,,,
,FALSE,,,,,,,,,,,,
,FALSE,,,,,,,,,,,,
,FALSE,,,,,,,,,,,,
,FALSE,,,,,,,,,,,,
,FALSE,,,,,,,,,,,,
,FALSE,,,,,,,,,,,,
,FALSE,,,,,,,,,,,,
,FALSE,,,,,,,,,,,,
,FALSE,,,,,,,,,,,,
,FALSE,,,,,,,,,,,,
,FALSE,,,,,,,,,,,,
,FALSE,,,,,,,,,,,,
,FALSE,,,,,,,,,,,,
,FALSE,,,,,,,,,,,,
,FALSE,,,,,,,,,,,,
,FALSE,,,,,,,,,,,,
,FALSE,,,,,,,,,,,,
,FALSE,,,,,,,,,,,,
,FALSE,,,,,,,,,,,,
,FALSE,,,,,,,,,,,,
,FALSE,,,,,,,,,,,,
,FALSE,,,,,,,,,,,,
,FALSE,,,,,,,,,,,,
,FALSE,,,,,,,,,,,,
,FALSE,,,,,,,,,,,,
,FALSE,,,,,,,,,,,,
,FALSE,,,,,,,,,,,,
,FALSE,,,,,,,,,,,,
,FALSE,,,,,,,,,,,,
,FALSE,,,,,,,,,,,,
,FALSE,,,,,,,,,,,,
,FALSE,,,,,,,,,,,,
,FALSE,,,,,,,,,,,,
,FALSE,,,,,,,,,,,,
,FALSE,,,,,,,,,,,,
,FALSE,,,,,,,,,,,,
,FALSE,,,,,,,,,,,,
,FALSE,,,,,,,,,,,,
,FALSE,,,,,,,,,,,,
,FALSE,,,,,,,,,,,,
,FALSE,,,,,,,,,,,,
,FALSE,,,,,,,,,,,,
,FALSE,,,,,,,,,,,,
,FALSE,,,,,,,,,,,,
,FALSE,,,,,,,,,,,,
,FALSE,,,,,,,,,,,,
,FALSE,,,,,,,,,,,,
,FALSE,,,,,,,,,,,,
,FALSE,,,,,,,,,,,,
,FALSE,,,,,,,,,,,,
,FALSE,,,,,,,,,,,,
,FALSE,,,,,,,,,,,,
,FALSE,,,,,,,,,,,,
,FALSE,,,,,,,,,,,,
,FALSE,,,,,,,,,,,,
,FALSE,,,,,,,,,,,,
,FALSE,,,,,,,,,,,,
,FALSE,,,,,,,,,,,,
,FALSE,,,,,,,,,,,,
,FALSE,,,,,,,,,,,,
,FALSE,,,,,,,,,,,,
,FALSE,,,,,,,,,,,,
,FALSE,,,,,,,,,,,,
,FALSE,,,,,,,,,,,,
,FALSE,,,,,,,,,,,,
,FALSE,,,,,,,,,,,,
,FALSE,,,,,,,,,,,,
,FALSE,,,,,,,,,,,,
,FALSE,,,,,,,,,,,,
,FALSE,,,,,,,,,,,,
,FALSE,,,,,,,,,,,,
,FALSE,,,,,,,,,,,,
,FALSE,,,,,,,,,,,,
,FALSE,,,,,,,,,,,,
,FALSE,,,,,,,,,,,,
,FALSE,,,,,,,,,,,,
,FALSE,,,,,,,,,,,,
,FALSE,,,,,,,,,,,,
,FALSE,,,,,,,,,,,,
,FALSE,,,,,,,,,,,,
,FALSE,,,,,,,,,,,,
,FALSE,,,,,,,,,,,,
,FALSE,,,,,,,,,,,,
,FALSE,,,,,,,,,,,,
,FALSE,,,,,,,,,,,,
,FALSE,,,,,,,,,,,,
,FALSE,,,,,,,,,,,,
,FALSE,,,,,,,,,,,,
,FALSE,,,,,,,,,,,,
,FALSE,,,,,,,,,,,,
,FALSE,,,,,,,,,,,,
,FALSE,,,,,,,,,,,,
,FALSE,,,,,,,,,,,,
,FALSE,,,,,,,,,,,,
,FALSE,,,,,,,,,,,,
,FALSE,,,,,,,,,,,,
,FALSE,,,,,,,,,,,,
,FALSE,,,,,,,,,,,,
,FALSE,,,,,,,,,,,,
,FALSE,,,,,,,,,,,,
,FALSE,,,,,,,,,,,,
,FALSE,,,,,,,,,,,,
,FALSE,,,,,,,,,,,,
,FALSE,,,,,,,,,,,,
,FALSE,,,,,,,,,,,,
,FALSE,,,,,,,,,,,,
,FALSE,,,,,,,,,,,,
,FALSE,,,,,,,,,,,,
,FALSE,,,,,,,,,,,,
,FALSE,,,,,,,,,,,,
,FALSE,,,,,,,,,,,,
,FALSE,,,,,,,,,,,,
,FALSE,,,,,,,,,,,,
,FALSE,,,,,,,,,,,,
,FALSE,,,,,,,,,,,,
,FALSE,,,,,,,,,,,,
,FALSE,,,,,,,,,,,,
,FALSE,,,,,,,,,,,,
,FALSE,,,,,,,,,,,,
,FALSE,,,,,,,,,,,,
,FALSE,,,,,,,,,,,,
,FALSE,,,,,,,,,,,,
,FALSE,,,,,,,,,,,,
,FALSE,,,,,,,,,,,,
,FALSE,,,,,,,,,,,,
,FALSE,,,,,,,,,,,,
,FALSE,,,,,,,,,,,,
,FALSE,,,,,,,,,,,,
,FALSE,,,,,,,,,,,,
,FALSE,,,,,,,,,,,,
,FALSE,,,,,,,,,,,,
,FALSE,,,,,,,,,,,,
,FALSE,,,,,,,,,,,,
,FALSE,,,,,,,,,,,,
,FALSE,,,,,,,,,,,,
,FALSE,,,,,,,,,,,,
,FALSE,,,,,,,,,,,,
,FALSE,,,,,,,,,,,,
,FALSE,,,,,,,,,,,,
,FALSE,,,,,,,,,,,,
,FALSE,,,,,,,,,,,,
,FALSE,,,,,,,,,,,,
,FALSE,,,,,,,,,,,,
,FALSE,,,,,,,,,,,,
,FALSE,,,,,,,,,,,,
,FALSE,,,,,,,,,,,,
,FALSE,,,,,,,,,,,,
,FALSE,,,,,,,,,,,,
,FALSE,,,,,,,,,,,,
,FALSE,,,,,,,,,,,,
,FALSE,,,,,,,,,,,,
,FALSE,,,,,,,,,,,,
,FALSE,,,,,,,,,,,,
,FALSE,,,,,,,,,,,,
,FALSE,,,,,,,,,,,,
,FALSE,,,,,,,,,,,,
,FALSE,,,,,,,,,,,,
,FALSE,,,,,,,,,,,,
,FALSE,,,,,,,,,,,,
,FALSE,,,,,,,,,,,,
,FALSE,,,,,,,,,,,,
,FALSE,,,,,,,,,,,,
,FALSE,,,,,,,,,,,,
,FALSE,,,,,,,,,,,,
,FALSE,,,,,,,,,,,,
,FALSE,,,,,,,,,,,,
,FALSE,,,,,,,,,,,,
,FALSE,,,,,,,,,,,,
,FALSE,,,,,,,,,,,,
,FALSE,,,,,,,,,,,,
,FALSE,,,,,,,,,,,,
,FALSE,,,,,,,,,,,,
,FALSE,,,,,,,,,,,,
,FALSE,,,,,,,,,,,,
,FALSE,,,,,,,,,,,,
,FALSE,,,,,,,,,,,,
,FALSE,,,,,,,,,,,,
,FALSE,,,,,,,,,,,,
,FALSE,,,,,,,,,,,,
,FALSE,,,,,,,,,,,,
,FALSE,,,,,,,,,,,,
,FALSE,,,,,,,,,,,,
,FALSE,,,,,,,,,,,,
,FALSE,,,,,,,,,,,,
,FALSE,,,,,,,,,,,,
,FALSE,,,,,,,,,,,,
,FALSE,,,,,,,,,,,,
,FALSE,,,,,,,,,,,,
,FALSE,,,,,,,,,,,,
,FALSE,,,,,,,,,,,,
,FALSE,,,,,,,,,,,,
,FALSE,,,,,,,,,,,,
,FALSE,,,,,,,,,,,,
,FALSE,,,,,,,,,,,,
,FALSE,,,,,,,,,,,,
,FALSE,,,,,,,,,,,,
,FALSE,,,,,,,,,,,,
,FALSE,,,,,,,,,,,,
,FALSE,,,,,,,,,,,,
,FALSE,,,,,,,,,,,,
,FALSE,,,,,,,,,,,,
,FALSE,,,,,,,,,,,,
,FALSE,,,,,,,,,,,,
,FALSE,,,,,,,,,,,,
,FALSE,,,,,,,,,,,,
,FALSE,,,,,,,,,,,,
,FALSE,,,,,,,,,,,,
,FALSE,,,,,,,,,,,,
,FALSE,,,,,,,,,,,,
,FALSE,,,,,,,,,,,,
,FALSE,,,,,,,,,,,,
,FALSE,,,,,,,,,,,,
,FALSE,,,,,,,,,,,,
,FALSE,,,,,,,,,,,,
,FALSE,,,,,,,,,,,,
,FALSE,,,,,,,,,,,,
,FALSE,,,,,,,,,,,,
,FALSE,,,,,,,,,,,,
,FALSE,,,,,,,,,,,,
,FALSE,,,,,,,,,,,,
,FALSE,,,,,,,,,,,,
,FALSE,,,,,,,,,,,,
,FALSE,,,,,,,,,,,,
,FALSE,,,,,,,,,,,,
,FALSE,,,,,,,,,,,,
,FALSE,,,,,,,,,,,,
,FALSE,,,,,,,,,,,,
,FALSE,,,,,,,,,,,,
,FALSE,,,,,,,,,,,,
,FALSE,,,,,,,,,,,,
,FALSE,,,,,,,,,,,,
,FALSE,,,,,,,,,,,,
,FALSE,,,,,,,,,,,,
,FALSE,,,,,,,,,,,,
,FALSE,,,,,,,,,,,,
,FALSE,,,,,,,,,,,,
,FALSE,,,,,,,,,,,,
,FALSE,,,,,,,,,,,,
,FALSE,,,,,,,,,,,,
,FALSE,,,,,,,,,,,,
,FALSE,,,,,,,,,,,,
,FALSE,,,,,,,,,,,,
,FALSE,,,,,,,,,,,,
,FALSE,,,,,,,,,,,,
,FALSE,,,,,,,,,,,,
,FALSE,,,,,,,,,,,,
,FALSE,,,,,,,,,,,,
,FALSE,,,,,,,,,,,,
,FALSE,,,,,,,,,,,,
,FALSE,,,,,,,,,,,,
,FALSE,,,,,,,,,,,,
,FALSE,,,,,,,,,,,,
,FALSE,,,,,,,,,,,,
,FALSE,,,,,,,,,,,,
,FALSE,,,,,,,,,,,,
,FALSE,,,,,,,,,,,,
,FALSE,,,,,,,,,,,,
,FALSE,,,,,,,,,,,,
,FALSE,,,,,,,,,,,,
,FALSE,,,,,,,,,,,,
,FALSE,,,,,,,,,,,,
,FALSE,,,,,,,,,,,,
,FALSE,,,,,,,,,,,,
,FALSE,,,,,,,,,,,,
,FALSE,,,,,,,,,,,,
,FALSE,,,,,,,,,,,,
,FALSE,,,,,,,,,,,,
,FALSE,,,,,,,,,,,,
,FALSE,,,,,,,,,,,,
,FALSE,,,,,,,,,,,,
,FALSE,,,,,,,,,,,,
,FALSE,,,,,,,,,,,,
,FALSE,,,,,,,,,,,,
,FALSE,,,,,,,,,,,,
,FALSE,,,,,,,,,,,,
,FALSE,,,,,,,,,,,,
,FALSE,,,,,,,,,,,,
,FALSE,,,,,,,,,,,,
,FALSE,,,,,,,,,,,,
,FALSE,,,,,,,,,,,,
,FALSE,,,,,,,,,,,,
,FALSE,,,,,,,,,,,,
,FALSE,,,,,,,,,,,,
,FALSE,,,,,,,,,,,,
,FALSE,,,,,,,,,,,,
,FALSE,,,,,,,,,,,,
,FALSE,,,,,,,,,,,,
,FALSE,,,,,,,,,,,,
,FALSE,,,,,,,,,,,,
,FALSE,,,,,,,,,,,,
,FALSE,,,,,,,,,,,,
,FALSE,,,,,,,,,,,,
,FALSE,,,,,,,,,,,,
,FALSE,,,,,,,,,,,,
,FALSE,,,,,,,,,,,,
,FALSE,,,,,,,,,,,,
,FALSE,,,,,,,,,,,,
,FALSE,,,,,,,,,,,,
,FALSE,,,,,,,,,,,,
,FALSE,,,,,,,,,,,,
,FALSE,,,,,,,,,,,,
,FALSE,,,,,,,,,,,,
,FALSE,,,,,,,,,,,,
,FALSE,,,,,,,,,,,,
,FALSE,,,,,,,,,,,,
,FALSE,,,,,,,,,,,,
,FALSE,,,,,,,,,,,,
,FALSE,,,,,,,,,,,,
,FALSE,,,,,,,,,,,,
,FALSE,,,,,,,,,,,,
,FALSE,,,,,,,,,,,,
,FALSE,,,,,,,,,,,,
,FALSE,,,,,,,,,,,,
,FALSE,,,,,,,,,,,,
,FALSE,,,,,,,,,,,,
,FALSE,,,,,,,,,,,,
,FALSE,,,,,,,,,,,,
,FALSE,,,,,,,,,,,,
,FALSE,,,,,,,,,,,,
,FALSE,,,,,,,,,,,,
,FALSE,,,,,,,,,,,,
,FALSE,,,,,,,,,,,,
,FALSE,,,,,,,,,,,,
,FALSE,,,,,,,,,,,,
,FALSE,,,,,,,,,,,,
,FALSE,,,,,,,,,,,,
,FALSE,,,,,,,,,,,,
,FALSE,,,,,,,,,,,,
,FALSE,,,,,,,,,,,,
,FALSE,,,,,,,,,,,,
,FALSE,,,,,,,,,,,,
,FALSE,,,,,,,,,,,,
,FALSE,,,,,,,,,,,,
,FALSE,,,,,,,,,,,,
,FALSE,,,,,,,,,,,,
,FALSE,,,,,,,,,,,,
,FALSE,,,,,,,,,,,,
,FALSE,,,,,,,,,,,,
,FALSE,,,,,,,,,,,,
,FALSE,,,,,,,,,,,,
,FALSE,,,,,,,,,,,,
,FALSE,,,,,,,,,,,,
,FALSE,,,,,,,,,,,,
,FALSE,,,,,,,,,,,,
,FALSE,,,,,,,,,,,,
,FALSE,,,,,,,,,,,,
,FALSE,,,,,,,,,,,,
,FALSE,,,,,,,,,,,,
,FALSE,,,,,,,,,,,,
,FALSE,,,,,,,,,,,,
,FALSE,,,,,,,,,,,,
,FALSE,,,,,,,,,,,,
,FALSE,,,,,,,,,,,,
,FALSE,,,,,,,,,,,,
,FALSE,,,,,,,,,,,,
,FALSE,,,,,,,,,,,,
,FALSE,,,,,,,,,,,,
,FALSE,,,,,,,,,,,,
,FALSE,,,,,,,,,,,,
,FALSE,,,,,,,,,,,,
,FALSE,,,,,,,,,,,,
,FALSE,,,,,,,,,,,,
,FALSE,,,,,,,,,,,,
,FALSE,,,,,,,,,,,,
,FALSE,,,,,,,,,,,,
,FALSE,,,,,,,,,,,,
,FALSE,,,,,,,,,,,,
,FALSE,,,,,,,,,,,,
,FALSE,,,,,,,,,,,,
,FALSE,,,,,,,,,,,,
,FALSE,,,,,,,,,,,,
,FALSE,,,,,,,,,,,,
,FALSE,,,,,,,,,,,,
,FALSE,,,,,,,,,,,,
,FALSE,,,,,,,,,,,,
,FALSE,,,,,,,,,,,,
,FALSE,,,,,,,,,,,,
,FALSE,,,,,,,,,,,,
,FALSE,,,,,,,,,,,,
,FALSE,,,,,,,,,,,,
,FALSE,,,,,,,,,,,,
,FALSE,,,,,,,,,,,,
,FALSE,,,,,,,,,,,,
,FALSE,,,,,,,,,,,,
,FALSE,,,,,,,,,,,,
,FALSE,,,,,,,,,,,,
,FALSE,,,,,,,,,,,,
,FALSE,,,,,,,,,,,,
,FALSE,,,,,,,,,,,,
,FALSE,,,,,,,,,,,,
,FALSE,,,,,,,,,,,,
,FALSE,,,,,,,,,,,,
,FALSE,,,,,,,,,,,,
,FALSE,,,,,,,,,,,,
,FALSE,,,,,,,,,,,,
,FALSE,,,,,,,,,,,,
,FALSE,,,,,,,,,,,,
,FALSE,,,,,,,,,,,,
,FALSE,,,,,,,,,,,,
,FALSE,,,,,,,,,,,,
,FALSE,,,,,,,,,,,,
,FALSE,,,,,,,,,,,,
,FALSE,,,,,,,,,,,,
,FALSE,,,,,,,,,,,,
,FALSE,,,,,,,,,,,,
,FALSE,,,,,,,,,,,,
,FALSE,,,,,,,,,,,,
,FALSE,,,,,,,,,,,,
,FALSE,,,,,,,,,,,,
,FALSE,,,,,,,,,,,,
,FALSE,,,,,,,,,,,,
,FALSE,,,,,,,,,,,,
,FALSE,,,,,,,,,,,,
,FALSE,,,,,,,,,,,,
,FALSE,,,,,,,,,,,,
,FALSE,,,,,,,,,,,,
,FALSE,,,,,,,,,,,,
,FALSE,,,,,,,,,,,,
,FALSE,,,,,,,,,,,,
,FALSE,,,,,,,,,,,,
,FALSE,,,,,,,,,,,,
,FALSE,,,,,,,,,,,,
,FALSE,,,,,,,,,,,,
,FALSE,,,,,,,,,,,,
,FALSE,,,,,,,,,,,,
,FALSE,,,,,,,,,,,,
,FALSE,,,,,,,,,,,,
,FALSE,,,,,,,,,,,,
,FALSE,,,,,,,,,,,,
,FALSE,,,,,,,,,,,,
,FALSE,,,,,,,,,,,,
,FALSE,,,,,,,,,,,,
,FALSE,,,,,,,,,,,,
,FALSE,,,,,,,,,,,,
,FALSE,,,,,,,,,,,,
,FALSE,,,,,,,,,,,,
,FALSE,,,,,,,,,,,,
,FALSE,,,,,,,,,,,,
,FALSE,,,,,,,,,,,,
,FALSE,,,,,,,,,,,,
,FALSE,,,,,,,,,,,,
,FALSE,,,,,,,,,,,,
,FALSE,,,,,,,,,,,,
,FALSE,,,,,,,,,,,,
,FALSE,,,,,,,,,,,,
,FALSE,,,,,,,,,,,,
,FALSE,,,,,,,,,,,,
,FALSE,,,,,,,,,,,,
,FALSE,,,,,,,,,,,,
,FALSE,,,,,,,,,,,,
,FALSE,,,,,,,,,,,,
,FALSE,,,,,,,,,,,,
,FALSE,,,,,,,,,,,,
,FALSE,,,,,,,,,,,,
,FALSE,,,,,,,,,,,,
,FALSE,,,,,,,,,,,,
,FALSE,,,,,,,,,,,,
,FALSE,,,,,,,,,,,,
,FALSE,,,,,,,,,,,,
,FALSE,,,,,,,,,,,,
,FALSE,,,,,,,,,,,,
,FALSE,,,,,,,,,,,,
,FALSE,,,,,,,,,,,,
,FALSE,,,,,,,,,,,,
,FALSE,,,,,,,,,,,,
,FALSE,,,,,,,,,,,,
,FALSE,,,,,,,,,,,,
,FALSE,,,,,,,,,,,,
,FALSE,,,,,,,,,,,,
,FALSE,,,,,,,,,,,,
,FALSE,,,,,,,,,,,,
,FALSE,,,,,,,,,,,,
,FALSE,,,,,,,,,,,,
,FALSE,,,,,,,,,,,,
,FALSE,,,,,,,,,,,,
,FALSE,,,,,,,,,,,,
,FALSE,,,,,,,,,,,,
,FALSE,,,,,,,,,,,,
,FALSE,,,,,,,,,,,,
,FALSE,,,,,,,,,,,,
,FALSE,,,,,,,,,,,,
,FALSE,,,,,,,,,,,,
,FALSE,,,,,,,,,,,,
,FALSE,,,,,,,,,,,,
,FALSE,,,,,,,,,,,,
,FALSE,,,,,,,,,,,,
,FALSE,,,,,,,,,,,,
,FALSE,,,,,,,,,,,,
,FALSE,,,,,,,,,,,,
,FALSE,,,,,,,,,,,,
,FALSE,,,,,,,,,,,,
,FALSE,,,,,,,,,,,,
,FALSE,,,,,,,,,,,,
,FALSE,,,,,,,,,,,,
,FALSE,,,,,,,,,,,,
,FALSE,,,,,,,,,,,,
,FALSE,,,,,,,,,,,,
,FALSE,,,,,,,,,,,,
,FALSE,,,,,,,,,,,,
,FALSE,,,,,,,,,,,,
,FALSE,,,,,,,,,,,,
,FALSE,,,,,,,,,,,,
,FALSE,,,,,,,,,,,,
,FALSE,,,,,,,,,,,,
,FALSE,,,,,,,,,,,,
,FALSE,,,,,,,,,,,,
,FALSE,,,,,,,,,,,,
,FALSE,,,,,,,,,,,,
,FALSE,,,,,,,,,,,,
,FALSE,,,,,,,,,,,,
,FALSE,,,,,,,,,,,,
,FALSE,,,,,,,,,,,,
,FALSE,,,,,,,,,,,,
,FALSE,,,,,,,,,,,,
,FALSE,,,,,,,,,,,,
,FALSE,,,,,,,,,,,,
,FALSE,,,,,,,,,,,,
,FALSE,,,,,,,,,,,,
,FALSE,,,,,,,,,,,,
,FALSE,,,,,,,,,,,,
,FALSE,,,,,,,,,,,,
,FALSE,,,,,,,,,,,,
,FALSE,,,,,,,,,,,,
,FALSE,,,,,,,,,,,,
,FALSE,,,,,,,,,,,,
,FALSE,,,,,,,,,,,,
,FALSE,,,,,,,,,,,,
,FALSE,,,,,,,,,,,,
,FALSE,,,,,,,,,,,,
,FALSE,,,,,,,,,,,,
,FALSE,,,,,,,,,,,,
,FALSE,,,,,,,,,,,,
,FALSE,,,,,,,,,,,,
,FALSE,,,,,,,,,,,,
,FALSE,,,,,,,,,,,,
,FALSE,,,,,,,,,,,,
,FALSE,,,,,,,,,,,,
,FALSE,,,,,,,,,,,,
,FALSE,,,,,,,,,,,,
,FALSE,,,,,,,,,,,,
,FALSE,,,,,,,,,,,,
,FALSE,,,,,,,,,,,,
,FALSE,,,,,,,,,,,,
,FALSE,,,,,,,,,,,,
,FALSE,,,,,,,,,,,,
,FALSE,,,,,,,,,,,,
,FALSE,,,,,,,,,,,,
,FALSE,,,,,,,,,,,,
,FALSE,,,,,,,,,,,,
,FALSE,,,,,,,,,,,,
,FALSE,,,,,,,,,,,,
,FALSE,,,,,,,,,,,,
,FALSE,,,,,,,,,,,,
,FALSE,,,,,,,,,,,,
,FALSE,,,,,,,,,,,,
,FALSE,,,,,,,,,,,,
,FALSE,,,,,,,,,,,,
,FALSE,,,,,,,,,,,,
,FALSE,,,,,,,,,,,,
,FALSE,,,,,,,,,,,,
,FALSE,,,,,,,,,,,,
,FALSE,,,,,,,,,,,,
,FALSE,,,,,,,,,,,,
,FALSE,,,,,,,,,,,,
,FALSE,,,,,,,,,,,,
,FALSE,,,,,,,,,,,,
,FALSE,,,,,,,,,,,,
,FALSE,,,,,,,,,,,,
,FALSE,,,,,,,,,,,,
,FALSE,,,,,,,,,,,,
,FALSE,,,,,,,,,,,,
,FALSE,,,,,,,,,,,,
,FALSE,,,,,,,,,,,,
,FALSE,,,,,,,,,,,,
,FALSE,,,,,,,,,,,,
,FALSE,,,,,,,,,,,,
,FALSE,,,,,,,,,,,,
,FALSE,,,,,,,,,,,,
,FALSE,,,,,,,,,,,,
,FALSE,,,,,,,,,,,,
,FALSE,,,,,,,,,,,,
,FALSE,,,,,,,,,,,,
,FALSE,,,,,,,,,,,,
,FALSE,,,,,,,,,,,,
,FALSE,,,,,,,,,,,,
,FALSE,,,,,,,,,,,,
,FALSE,,,,,,,,,,,,
,FALSE,,,,,,,,,,,,
,FALSE,,,,,,,,,,,,
,FALSE,,,,,,,,,,,,
,FALSE,,,,,,,,,,,,
,FALSE,,,,,,,,,,,,
,FALSE,,,,,,,,,,,,
,FALSE,,,,,,,,,,,,
,FALSE,,,,,,,,,,,,
,FALSE,,,,,,,,,,,,
,FALSE,,,,,,,,,,,,
,FALSE,,,,,,,,,,,,
,FALSE,,,,,,,,,,,,
,FALSE,,,,,,,,,,,,
,FALSE,,,,,,,,,,,,
,FALSE,,,,,,,,,,,,
,FALSE,,,,,,,,,,,,
,FALSE,,,,,,,,,,,,
,FALSE,,,,,,,,,,,,
,FALSE,,,,,,,,,,,,
,FALSE,,,,,,,,,,,,
,FALSE,,,,,,,,,,,,
,FALSE,,,,,,,,,,,,
,FALSE,,,,,,,,,,,,
,FALSE,,,,,,,,,,,,
,FALSE,,,,,,,,,,,,
,FALSE,,,,,,,,,,,,
,FALSE,,,,,,,,,,,,
,FALSE,,,,,,,,,,,,
,FALSE,,,,,,,,,,,,
,FALSE,,,,,,,,,,,,
,FALSE,,,,,,,,,,,,
,FALSE,,,,,,,,,,,,
,FALSE,,,,,,,,,,,,
,FALSE,,,,,,,,,,,,
,FALSE,,,,,,,,,,,,
,FALSE,,,,,,,,,,,,
,FALSE,,,,,,,,,,,,
,FALSE,,,,,,,,,,,,
,FALSE,,,,,,,,,,,,
,FALSE,,,,,,,,,,,,
,FALSE,,,,,,,,,,,,
,FALSE,,,,,,,,,,,,
,FALSE,,,,,,,,,,,,
,FALSE,,,,,,,,,,,,
,FALSE,,,,,,,,,,,,
,FALSE,,,,,,,,,,,,
,FALSE,,,,,,,,,,,,
,FALSE,,,,,,,,,,,,
,FALSE,,,,,,,,,,,,
,FALSE,,,,,,,,,,,,
,FALSE,,,,,,,,,,,,
,FALSE,,,,,,,,,,,,
,FALSE,,,,,,,,,,,,
,FALSE,,,,,,,,,,,,
,FALSE,,,,,,,,,,,,
,FALSE,,,,,,,,,,,,
,FALSE,,,,,,,,,,,,
,FALSE,,,,,,,,,,,,
,FALSE,,,,,,,,,,,,
,FALSE,,,,,,,,,,,,
,FALSE,,,,,,,,,,,,
,FALSE,,,,,,,,,,,,
,FALSE,,,,,,,,,,,,
,FALSE,,,,,,,,,,,,
,FALSE,,,,,,,,,,,,
,FALSE,,,,,,,,,,,,
,FALSE,,,,,,,,,,,,
,FALSE,,,,,,,,,,,,
,FALSE,,,,,,,,,,,,
,FALSE,,,,,,,,,,,,
,FALSE,,,,,,,,,,,,
,FALSE,,,,,,,,,,,,
,FALSE,,,,,,,,,,,,
,FALSE,,,,,,,,,,,,
,FALSE,,,,,,,,,,,,
,FALSE,,,,,,,,,,,,
,FALSE,,,,,,,,,,,,
,FALSE,,,,,,,,,,,,
,FALSE,,,,,,,,,,,,
,FALSE,,,,,,,,,,,,
,FALSE,,,,,,,,,,,,
,FALSE,,,,,,,,,,,,
,FALSE,,,,,,,,,,,,
,FALSE,,,,,,,,,,,,
,FALSE,,,,,,,,,,,,
,FALSE,,,,,,,,,,,,
,FALSE,,,,,,,,,,,,
,FALSE,,,,,,,,,,,,
,FALSE,,,,,,,,,,,,
,FALSE,,,,,,,,,,,,
,FALSE,,,,,,,,,,,,
,FALSE,,,,,,,,,,,,
,FALSE,,,,,,,,,,,,
,FALSE,,,,,,,,,,,,
,FALSE,,,,,,,,,,,,
,FALSE,,,,,,,,,,,,
,FALSE,,,,,,,,,,,,
,FALSE,,,,,,,,,,,,
,FALSE,,,,,,,,,,,,
,FALSE,,,,,,,,,,,,
,FALSE,,,,,,,,,,,,
,FALSE,,,,,,,,,,,,
,FALSE,,,,,,,,,,,,
,FALSE,,,,,,,,,,,,
,FALSE,,,,,,,,,,,,
,FALSE,,,,,,,,,,,,
,FALSE,,,,,,,,,,,,
,FALSE,,,,,,,,,,,,
,FALSE,,,,,,,,,,,,
,FALSE,,,,,,,,,,,,
,FALSE,,,,,,,,,,,,
,FALSE,,,,,,,,,,,,
,FALSE,,,,,,,,,,,,
,FALSE,,,,,,,,,,,,
,FALSE,,,,,,,,,,,,
,FALSE,,,,,,,,,,,,
,FALSE,,,,,,,,,,,,
,FALSE,,,,,,,,,,,,
,FALSE,,,,,,,,,,,,
,FALSE,,,,,,,,,,,,
,FALSE,,,,,,,,,,,,
,FALSE,,,,,,,,,,,,
,FALSE,,,,,,,,,,,,
,FALSE,,,,,,,,,,,,
,FALSE,,,,,,,,,,,,
,FALSE,,,,,,,,,,,,
,FALSE,,,,,,,,,,,,
,FALSE,,,,,,,,,,,,
,FALSE,,,,,,,,,,,,
,FALSE,,,,,,,,,,,,
,FALSE,,,,,,,,,,,,
,FALSE,,,,,,,,,,,,
,FALSE,,,,,,,,,,,,
,FALSE,,,,,,,,,,,,
,FALSE,,,,,,,,,,,,
,FALSE,,,,,,,,,,,,
,FALSE,,,,,,,,,,,,
,FALSE,,,,,,,,,,,,
,FALSE,,,,,,,,,,,,
,FALSE,,,,,,,,,,,,
,FALSE,,,,,,,,,,,,
,FALSE,,,,,,,,,,,,
,FALSE,,,,,,,,,,,,
,FALSE,,,,,,,,,,,,
,FALSE,,,,,,,,,,,,
,FALSE,,,,,,,,,,,,
,FALSE,,,,,,,,,,,,
,FALSE,,,,,,,,,,,,
,FALSE,,,,,,,,,,,,
,FALSE,,,,,,,,,,,,
,FALSE,,,,,,,,,,,,
,FALSE,,,,,,,,,,,,
,FALSE,,,,,,,,,,,,
,FALSE,,,,,,,,,,,,
,FALSE,,,,,,,,,,,,
,FALSE,,,,,,,,,,,,
,FALSE,,,,,,,,,,,,
,FALSE,,,,,,,,,,,,
,FALSE,,,,,,,,,,,,
,FALSE,,,,,,,,,,,,
,FALSE,,,,,,,,,,,,
,FALSE,,,,,,,,,,,,
,FALSE,,,,,,,,,,,,
,FALSE,,,,,,,,,,,,
,FALSE,,,,,,,,,,,,
,FALSE,,,,,,,,,,,,
,FALSE,,,,,,,,,,,,
,FALSE,,,,,,,,,,,,
,FALSE,,,,,,,,,,,,
,FALSE,,,,,,,,,,,,
,FALSE,,,,,,,,,,,,
,FALSE,,,,,,,,,,,,
,FALSE,,,,,,,,,,,,
,FALSE,,,,,,,,,,,,
,FALSE,,,,,,,,,,,,
,FALSE,,,,,,,,,,,,
,FALSE,,,,,,,,,,,,
,FALSE,,,,,,,,,,,,
,FALSE,,,,,,,,,,,,
,FALSE,,,,,,,,,,,,
,FALSE,,,,,,,,,,,,
,FALSE,,,,,,,,,,,,
,FALSE,,,,,,,,,,,,
,FALSE,,,,,,,,,,,,
,FALSE,,,,,,,,,,,,
,FALSE,,,,,,,,,,,,
,FALSE,,,,,,,,,,,,
,FALSE,,,,,,,,,,,,
,FALSE,,,,,,,,,,,,
,FALSE,,,,,,,,,,,,
,FALSE,,,,,,,,,,,,
,FALSE,,,,,,,,,,,,
,FALSE,,,,,,,,,,,,
,FALSE,,,,,,,,,,,,
,FALSE,,,,,,,,,,,,
,FALSE,,,,,,,,,,,,
,FALSE,,,,,,,,,,,,
,FALSE,,,,,,,,,,,,
,FALSE,,,,,,,,,,,,
,FALSE,,,,,,,,,,,,
,FALSE,,,,,,,,,,,,
,FALSE,,,,,,,,,,,,
,FALSE,,,,,,,,,,,,
,FALSE,,,,,,,,,,,,
,FALSE,,,,,,,,,,,,
,FALSE,,,,,,,,,,,,
,FALSE,,,,,,,,,,,,
,FALSE,,,,,,,,,,,,
,FALSE,,,,,,,,,,,,
,FALSE,,,,,,,,,,,,
,FALSE,,,,,,,,,,,,
,FALSE,,,,,,,,,,,,
,FALSE,,,,,,,,,,,,
,FALSE,,,,,,,,,,,,
,FALSE,,,,,,,,,,,,
,FALSE,,,,,,,,,,,,
,FALSE,,,,,,,,,,,,
,FALSE,,,,,,,,,,,,
,FALSE,,,,,,,,,,,,
,FALSE,,,,,,,,,,,,
,FALSE,,,,,,,,,,,,
,FALSE,,,,,,,,,,,,
,FALSE,,,,,,,,,,,,
,FALSE,,,,,,,,,,,,
,FALSE,,,,,,,,,,,,
,FALSE,,,,,,,,,,,,
,FALSE,,,,,,,,,,,,
,FALSE,,,,,,,,,,,,
,FALSE,,,,,,,,,,,,
,FALSE,,,,,,,,,,,,
,FALSE,,,,,,,,,,,,
,FALSE,,,,,,,,,,,,
,FALSE,,,,,,,,,,,,
,FALSE,,,,,,,,,,,,
,FALSE,,,,,,,,,,,,
,FALSE,,,,,,,,,,,,
,FALSE,,,,,,,,,,,,
,FALSE,,,,,,,,,,,,
,FALSE,,,,,,,,,,,,
,FALSE,,,,,,,,,,,,
,FALSE,,,,,,,,,,,,
,FALSE,,,,,,,,,,,,
,FALSE,,,,,,,,,,,,
,FALSE,,,,,,,,,,,,
,FALSE,,,,,,,,,,,,
,FALSE,,,,,,,,,,,,
,FALSE,,,,,,,,,,,,
,FALSE,,,,,,,,,,,,
,FALSE,,,,,,,,,,,,
,FALSE,,,,,,,,,,,,
,FALSE,,,,,,,,,,,,
,FALSE,,,,,,,,,,,,
,FALSE,,,,,,,,,,,,
,FALSE,,,,,,,,,,,,
,FALSE,,,,,,,,,,,,
,FALSE,,,,,,,,,,,,
,FALSE,,,,,,,,,,,,
,FALSE,,,,,,,,,,,,
,FALSE,,,,,,,,,,,,
,FALSE,,,,,,,,,,,,
,FALSE,,,,,,,,,,,,
,FALSE,,,,,,,,,,,,
,FALSE,,,,,,,,,,,,
,FALSE,,,,,,,,,,,,
,FALSE,,,,,,,,,,,,
,FALSE,,,,,,,,,,,,
,FALSE,,,,,,,,,,,,
,FALSE,,,,,,,,,,,,
,FALSE,,,,,,,,,,,,
,FALSE,,,,,,,,,,,,
,FALSE,,,,,,,,,,,,
,FALSE,,,,,,,,,,,,
,FALSE,,,,,,,,,,,,
,FALSE,,,,,,,,,,,,
,FALSE,,,,,,,,,,,,
,FALSE,,,,,,,,,,,,
,FALSE,,,,,,,,,,,,
,FALSE,,,,,,,,,,,,
,FALSE,,,,,,,,,,,,
,FALSE,,,,,,,,,,,,
,FALSE,,,,,,,,,,,,
,FALSE,,,,,,,,,,,,
,FALSE,,,,,,,,,,,,
,FALSE,,,,,,,,,,,,
,FALSE,,,,,,,,,,,,
,FALSE,,,,,,,,,,,,
,FALSE,,,,,,,,,,,,
,FALSE,,,,,,,,,,,,
,FALSE,,,,,,,,,,,,
,FALSE,,,,,,,,,,,,
,FALSE,,,,,,,,,,,,
,FALSE,,,,,,,,,,,,
,FALSE,,,,,,,,,,,,
,FALSE,,,,,,,,,,,,
,FALSE,,,,,,,,,,,,
,FALSE,,,,,,,,,,,,
,FALSE,,,,,,,,,,,,
,FALSE,,,,,,,,,,,,
,FALSE,,,,,,,,,,,,
,FALSE,,,,,,,,,,,,
,FALSE,,,,,,,,,,,,
,FALSE,,,,,,,,,,,,
,FALSE,,,,,,,,,,,,
,FALSE,,,,,,,,,,,,
,FALSE,,,,,,,,,,,,
,FALSE,,,,,,,,,,,,
,FALSE,,,,,,,,,,,,
,FALSE,,,,,,,,,,,,
,FALSE,,,,,,,,,,,,
,FALSE,,,,,,,,,,,,
,FALSE,,,,,,,,,,,,
,FALSE,,,,,,,,,,,,
,FALSE,,,,,,,,,,,,
,FALSE,,,,,,,,,,,,
,FALSE,,,,,,,,,,,,
,FALSE,,,,,,,,,,,,
,FALSE,,,,,,,,,,,,
,FALSE,,,,,,,,,,,,
,FALSE,,,,,,,,,,,,
,FALSE,,,,,,,,,,,,
,FALSE,,,,,,,,,,,,
,FALSE,,,,,,,,,,,,
,FALSE,,,,,,,,,,,,
,FALSE,,,,,,,,,,,,
,FALSE,,,,,,,,,,,,
,FALSE,,,,,,,,,,,,
,FALSE,,,,,,,,,,,,
,FALSE,,,,,,,,,,,,
,FALSE,,,,,,,,,,,,
,FALSE,,,,,,,,,,,,
,FALSE,,,,,,,,,,,,
,FALSE,,,,,,,,,,,,
,FALSE,,,,,,,,,,,,
,FALSE,,,,,,,,,,,,
,FALSE,,,,,,,,,,,,
,FALSE,,,,,,,,,,,,
,FALSE,,,,,,,,,,,,
,FALSE,,,,,,,,,,,,
,FALSE,,,,,,,,,,,,
,FALSE,,,,,,,,,,,,
,FALSE,,,,,,,,,,,,
,FALSE,,,,,,,,,,,,
,FALSE,,,,,,,,,,,,
,FALSE,,,,,,,,,,,,
,FALSE,,,,,,,,,,,,
,FALSE,,,,,,,,,,,,
,FALSE,,,,,,,,,,,,
,FALSE,,,,,,,,,,,,
,FALSE,,,,,,,,,,,,
,FALSE,,,,,,,,,,,,
,FALSE,,,,,,,,,,,,
,FALSE,,,,,,,,,,,,
,FALSE,,,,,,,,,,,,
,FALSE,,,,,,,,,,,,
,FALSE,,,,,,,,,,,,
,FALSE,,,,,,,,,,,,
,FALSE,,,,,,,,,,,,
,FALSE,,,,,,,,,,,,
,FALSE,,,,,,,,,,,,
,FALSE,,,,,,,,,,,,
,FALSE,,,,,,,,,,,,
,FALSE,,,,,,,,,,,,
,FALSE,,,,,,,,,,,,
,FALSE,,,,,,,,,,,,
,FALSE,,,,,,,,,,,,
,FALSE,,,,,,,,,,,,
,FALSE,,,,,,,,,,,,
,FALSE,,,,,,,,,,,,
,FALSE,,,,,,,,,,,,
,FALSE,,,,,,,,,,,,
,FALSE,,,,,,,,,,,,
,FALSE,,,,,,,,,,,,
,FALSE,,,,,,,,,,,,
,FALSE,,,,,,,,,,,,
,FALSE,,,,,,,,,,,,
,FALSE,,,,,,,,,,,,
,FALSE,,,,,,,,,,,,
,FALSE,,,,,,,,,,,,
,FALSE,,,,,,,,,,,,
,FALSE,,,,,,,,,,,,
,FALSE,,,,,,,,,,,,
,FALSE,,,,,,,,,,,,
,FALSE,,,,,,,,,,,,
,FALSE,,,,,,,,,,,,
,FALSE,,,,,,,,,,,,
,FALSE,,,,,,,,,,,,
,FALSE,,,,,,,,,,,,
,FALSE,,,,,,,,,,,,
,FALSE,,,,,,,,,,,,
,FALSE,,,,,,,,,,,,
,FALSE,,,,,,,,,,,,
,FALSE,,,,,,,,,,,,
,FALSE,,,,,,,,,,,,
,FALSE,,,,,,,,,,,,
,FALSE,,,,,,,,,,,,
,FALSE,,,,,,,,,,,,
,FALSE,,,,,,,,,,,,
,FALSE,,,,,,,,,,,,
,FALSE,,,,,,,,,,,,
,FALSE,,,,,,,,,,,,
,FALSE,,,,,,,,,,,,
,FALSE,,,,,,,,,,,,
,FALSE,,,,,,,,,,,,
,FALSE,,,,,,,,,,,,